objectId,number,ACL,updatedAt,fname,last_name,lname,first_name,createdAt
04r1R9pfGT,,null,Sat Jun 13 2015 00:55:05 GMT-0500 (Central Daylight Time),,Fricker,,Laurel,Sat Jun 13 2015 00:55:05 GMT-0500 (Central Daylight Time)
05lzyaXFSv,,null,Tue Jun 06 2017 12:25:51 GMT-0500 (Central Daylight Time),,Madejczyk,,Melissa,Tue Jun 06 2017 12:25:51 GMT-0500 (Central Daylight Time)
08QOG1WsNz,,null,Fri Dec 04 2015 03:05:55 GMT-0600 (Central Standard Time),,Meers,,Jana,Fri Dec 04 2015 03:05:55 GMT-0600 (Central Standard Time)
0GB7IPg4zT,,null,Sun Feb 07 2016 14:08:32 GMT-0600 (Central Standard Time),,Mitchell,,I.,Sun Feb 07 2016 14:08:32 GMT-0600 (Central Standard Time)
0I9vMic7sa,,null,Sat Jan 09 2016 07:42:22 GMT-0600 (Central Standard Time),,Dishington,,Rix,Sat Jan 09 2016 07:42:22 GMT-0600 (Central Standard Time)
0Pahc1kay4,,null,Mon Jan 25 2016 21:15:25 GMT-0600 (Central Standard Time),,Ridenour,,Brittney,Mon Jan 25 2016 21:15:25 GMT-0600 (Central Standard Time)
0VOQW5HECu,,null,Sat Jun 13 2015 00:55:05 GMT-0500 (Central Daylight Time),,Oates,,Matthew,Sat Jun 13 2015 00:55:05 GMT-0500 (Central Daylight Time)
0ZZAI0gpqc,,null,Thu Feb 02 2017 10:47:15 GMT-0600 (Central Standard Time),,McDonald,,E,Thu Feb 02 2017 10:47:15 GMT-0600 (Central Standard Time)
0cPf7prEb0,,null,Thu Aug 06 2020 08:47:36 GMT-0500 (Central Daylight Time),,Kane-Collery,,K,Thu Aug 06 2020 08:47:36 GMT-0500 (Central Daylight Time)
0d39rkR0yD,,null,Mon Jan 25 2016 21:08:19 GMT-0600 (Central Standard Time),,McKenzie,,Brandon,Mon Jan 25 2016 21:08:19 GMT-0600 (Central Standard Time)
0kBR9KgDGS,,null,Wed Aug 05 2015 02:38:06 GMT-0500 (Central Daylight Time),,Axtell,,Andrew,Wed Aug 05 2015 02:37:45 GMT-0500 (Central Daylight Time)
0unM9q7yYD,,null,Thu Aug 06 2020 08:50:39 GMT-0500 (Central Daylight Time),,Thompson,,Reuben,Thu Aug 06 2020 08:50:39 GMT-0500 (Central Daylight Time)
10KthNxoic,,null,Sun Feb 07 2016 14:07:40 GMT-0600 (Central Standard Time),,Duratti,,T.,Sun Feb 07 2016 14:07:40 GMT-0600 (Central Standard Time)
146fDFvKDL,,null,Sat May 02 2020 13:18:09 GMT-0500 (Central Daylight Time),,Jablonski,,Nik,Sat May 02 2020 13:18:09 GMT-0500 (Central Daylight Time)
14Fs3oLW3k,,null,Wed Dec 09 2015 17:52:31 GMT-0600 (Central Standard Time),,Leslie,,Kyle,Wed Dec 09 2015 17:52:31 GMT-0600 (Central Standard Time)
1HP5hTQB0v,,null,Thu Aug 06 2020 08:47:25 GMT-0500 (Central Daylight Time),,Pearce,,Rob,Thu Aug 06 2020 08:47:25 GMT-0500 (Central Daylight Time)
1KzCWhZXiK,,null,Sat Jan 09 2016 17:32:33 GMT-0600 (Central Standard Time),,McCormick,,Shannon,Sat Jan 09 2016 17:32:33 GMT-0600 (Central Standard Time)
1McO0lSm8j,,null,Fri Dec 04 2015 00:13:03 GMT-0600 (Central Standard Time),,Clark,,Adam,Fri Dec 04 2015 00:13:03 GMT-0600 (Central Standard Time)
1NshNc2IjW,,null,Wed Dec 09 2015 17:52:31 GMT-0600 (Central Standard Time),,Yost,,Pari,Wed Dec 09 2015 17:52:31 GMT-0600 (Central Standard Time)
1ZwbdJU2w3,,null,Thu Aug 06 2020 08:04:50 GMT-0500 (Central Daylight Time),,Fogg,,Joshua,Thu Aug 06 2020 08:04:50 GMT-0500 (Central Daylight Time)
1dhP5MmN5N,,null,Fri Jan 01 2016 16:39:52 GMT-0600 (Central Standard Time),,Rousseau,,Nick,Fri Jan 01 2016 16:39:52 GMT-0600 (Central Standard Time)
1guvCnyOo4,,null,Sun Feb 28 2016 12:45:03 GMT-0600 (Central Standard Time),,Risinger,,Taylor,Sun Feb 28 2016 12:45:03 GMT-0600 (Central Standard Time)
1ipSE3SoB4,,null,Sat May 09 2020 12:56:20 GMT-0500 (Central Daylight Time),,Kay,,Tate,Sat May 09 2020 12:56:20 GMT-0500 (Central Daylight Time)
1jDsqkhhmP,,null,Sun Jan 24 2016 18:59:56 GMT-0600 (Central Standard Time),,Harrison,,Lexi,Sun Jan 24 2016 18:59:56 GMT-0600 (Central Standard Time)
1kkji8gF15,,null,Sun Nov 05 2017 00:22:04 GMT-0500 (Central Daylight Time),,Andrews,,Will,Sun Nov 05 2017 00:22:04 GMT-0500 (Central Daylight Time)
1ksPvEWk3G,,null,Sun Apr 10 2016 10:10:44 GMT-0500 (Central Daylight Time),,Hedges,,Robert,Sun Apr 10 2016 10:10:44 GMT-0500 (Central Daylight Time)
1oH0aqVltP,,null,Wed Dec 09 2015 17:52:31 GMT-0600 (Central Standard Time),,Fisher,,Kiera,Wed Dec 09 2015 17:52:31 GMT-0600 (Central Standard Time)
1uGXHEoi8C,,null,Wed Dec 09 2015 17:52:31 GMT-0600 (Central Standard Time),,Brown,,Chad,Wed Dec 09 2015 17:52:31 GMT-0600 (Central Standard Time)
1wbOYYpo0L,,null,Fri Aug 05 2016 00:16:43 GMT-0500 (Central Daylight Time),,Aleman,,Margo,Fri Aug 05 2016 00:16:43 GMT-0500 (Central Daylight Time)
1z3s09Xih8,,null,Sat Jan 09 2016 17:30:27 GMT-0600 (Central Standard Time),,Crawford,,Scott,Sat Jan 09 2016 17:30:27 GMT-0600 (Central Standard Time)
21qrrjSuuO,,null,Wed Dec 09 2015 17:52:31 GMT-0600 (Central Standard Time),,Staup,,Melinda,Wed Dec 09 2015 17:52:31 GMT-0600 (Central Standard Time)
27M9vbdzYO,,null,Wed Jul 19 2017 18:06:43 GMT-0500 (Central Daylight Time),,Steigerwalt,,Lauren,Wed Jul 19 2017 18:06:43 GMT-0500 (Central Daylight Time)
295ldN5e2C,,null,Mon Jan 25 2016 21:09:29 GMT-0600 (Central Standard Time),,Sydor,,Natasha,Mon Jan 25 2016 21:09:29 GMT-0600 (Central Standard Time)
2EBJCCjYvr,,null,Mon Dec 21 2015 22:45:23 GMT-0600 (Central Standard Time),,Marella,,Lindsay,Mon Dec 21 2015 22:45:23 GMT-0600 (Central Standard Time)
2I09HLJ1K4,,null,Thu Aug 06 2020 08:51:00 GMT-0500 (Central Daylight Time),,Nadim,,M,Thu Aug 06 2020 08:51:00 GMT-0500 (Central Daylight Time)
2I65PJ2UkN,,null,Mon Dec 21 2015 22:46:40 GMT-0600 (Central Standard Time),,Ficurilli,,Steve,Mon Dec 21 2015 22:46:40 GMT-0600 (Central Standard Time)
2Ts4ONucLk,,null,Sat Jan 09 2016 18:41:51 GMT-0600 (Central Standard Time),,Whitehall,,Jen,Sat Jan 09 2016 18:41:51 GMT-0600 (Central Standard Time)
2UUq6EwTpf,,null,Fri Dec 04 2015 00:16:44 GMT-0600 (Central Standard Time),,Thatcher,,Bradley,Fri Dec 04 2015 00:16:44 GMT-0600 (Central Standard Time)
2WHKEiGOQp,,null,Fri Dec 04 2015 00:16:51 GMT-0600 (Central Standard Time),,McCoy,,Jordan,Fri Dec 04 2015 00:16:51 GMT-0600 (Central Standard Time)
2WYEsWwtiE,,null,Fri Aug 05 2016 00:18:56 GMT-0500 (Central Daylight Time),,Berges,,Bernardo,Fri Aug 05 2016 00:18:56 GMT-0500 (Central Daylight Time)
2ZRevMZ7lU,,null,Wed Dec 09 2015 17:52:31 GMT-0600 (Central Standard Time),,Didat,,Alex,Wed Dec 09 2015 17:52:31 GMT-0600 (Central Standard Time)
2nbtfTnvdr,,null,Mon Jan 25 2016 21:14:37 GMT-0600 (Central Standard Time),,Krigbaum,,Eric,Mon Jan 25 2016 21:14:37 GMT-0600 (Central Standard Time)
2r9lE0JTD9,,null,Fri Dec 04 2015 03:14:18 GMT-0600 (Central Standard Time),,Brown,,Alex,Fri Dec 04 2015 03:14:18 GMT-0600 (Central Standard Time)
2w88ApPvoN,,null,Fri Dec 04 2015 03:14:12 GMT-0600 (Central Standard Time),,B,,Lucy,Fri Dec 04 2015 03:14:12 GMT-0600 (Central Standard Time)
32KAlNlpTy,,null,Thu Aug 06 2020 08:06:18 GMT-0500 (Central Daylight Time),,Bruneau,,Gabriella,Thu Aug 06 2020 08:06:18 GMT-0500 (Central Daylight Time)
378ttjt6dS,,null,Sat Jan 09 2016 18:41:28 GMT-0600 (Central Standard Time),,Nicolson,,Xander,Sat Jan 09 2016 18:41:28 GMT-0600 (Central Standard Time)
3BvwScNU48,,null,Fri Jan 01 2016 16:40:00 GMT-0600 (Central Standard Time),,Russell,,Jakob,Fri Jan 01 2016 16:40:00 GMT-0600 (Central Standard Time)
3EZtucWoNG,,null,Sat May 02 2020 13:17:08 GMT-0500 (Central Daylight Time),,Dastous,,Grace,Sat May 02 2020 13:17:08 GMT-0500 (Central Daylight Time)
3O644CStVI,,null,Fri Jan 01 2016 16:40:18 GMT-0600 (Central Standard Time),,Spagunolo,,Matt,Fri Jan 01 2016 16:40:18 GMT-0600 (Central Standard Time)
3Pvo7UrTK7,,null,Thu Nov 23 2017 00:52:31 GMT-0600 (Central Standard Time),,Stephenson,,Andrew,Thu Nov 23 2017 00:52:31 GMT-0600 (Central Standard Time)
3Zdu2u9GzA,,null,Sun Apr 10 2016 10:11:14 GMT-0500 (Central Daylight Time),,Humbert,,Chris,Sun Apr 10 2016 10:11:14 GMT-0500 (Central Daylight Time)
3chZpnf9Am,,null,Wed Oct 21 2015 15:59:32 GMT-0500 (Central Daylight Time),,Tresnak,,Dan,Wed Oct 21 2015 15:59:28 GMT-0500 (Central Daylight Time)
3eEBsjIqPx,,null,Tue Dec 15 2015 20:12:36 GMT-0600 (Central Standard Time),,Markakis,,David,Tue Dec 15 2015 20:12:36 GMT-0600 (Central Standard Time)
3fpzgQob60,,null,Mon Jan 25 2016 21:16:07 GMT-0600 (Central Standard Time),,Townsend,,Isaac,Mon Jan 25 2016 21:16:07 GMT-0600 (Central Standard Time)
3nos6nIoks,,null,Sat May 09 2020 12:56:06 GMT-0500 (Central Daylight Time),,Ghoddossy,,Aryan,Sat May 09 2020 12:56:06 GMT-0500 (Central Daylight Time)
3sKVmrowoZ,,null,Sat May 09 2020 12:54:58 GMT-0500 (Central Daylight Time),,Arnold,,Laura,Sat May 09 2020 12:54:58 GMT-0500 (Central Daylight Time)
3uzJNkmyCK,,null,Sat May 09 2020 12:57:37 GMT-0500 (Central Daylight Time),,Travis,,Cole,Sat May 09 2020 12:57:37 GMT-0500 (Central Daylight Time)
43hjW0XaS0,,null,Fri Dec 04 2015 00:13:11 GMT-0600 (Central Standard Time),,Rasor,,Thomas,Fri Dec 04 2015 00:13:11 GMT-0600 (Central Standard Time)
43sYwN3gyb,,null,Sun Oct 11 2015 08:39:17 GMT-0500 (Central Daylight Time),,Xiao,,Angela,Sun Oct 11 2015 08:38:21 GMT-0500 (Central Daylight Time)
44FLRvEEyQ,,null,Mon Dec 21 2015 15:55:49 GMT-0600 (Central Standard Time),,Jackson,,Nicole,Mon Dec 21 2015 15:55:49 GMT-0600 (Central Standard Time)
49Sf4iRiHw,,null,Mon Dec 21 2015 22:47:18 GMT-0600 (Central Standard Time),,Keaney,,Tim,Mon Dec 21 2015 22:47:18 GMT-0600 (Central Standard Time)
4AgAqQRmmF,,null,Fri Feb 16 2018 08:42:36 GMT-0600 (Central Standard Time),,Hobbs,,Jack,Fri Feb 16 2018 08:42:36 GMT-0600 (Central Standard Time)
4Gj69Aq3Zp,,null,Wed May 20 2020 07:40:26 GMT-0500 (Central Daylight Time),,Gvozdenovic,,Janko,Wed May 20 2020 07:40:26 GMT-0500 (Central Daylight Time)
4MrUvJXoz2,,null,Fri Aug 05 2016 00:18:15 GMT-0500 (Central Daylight Time),,Driflot,,Stu,Fri Aug 05 2016 00:18:15 GMT-0500 (Central Daylight Time)
4OBDCwlpBD,,null,Mon Sep 04 2023 18:40:42 GMT-0500 (Central Daylight Time),,Sanchez,,Louis,Wed Jul 21 2021 18:04:08 GMT-0500 (Central Daylight Time)
4WrobWQsxv,,null,Wed Dec 09 2015 17:52:31 GMT-0600 (Central Standard Time),,Markus,,Ali,Wed Dec 09 2015 17:52:31 GMT-0600 (Central Standard Time)
4XwHB2nD25,,null,Mon Dec 21 2015 22:44:59 GMT-0600 (Central Standard Time),,Carey,,Kyle,Mon Dec 21 2015 22:44:59 GMT-0600 (Central Standard Time)
4bBI8BVWkY,,null,Fri Jan 01 2016 16:38:26 GMT-0600 (Central Standard Time),,Felton,,Taylor,Fri Jan 01 2016 16:38:26 GMT-0600 (Central Standard Time)
4by4QKIQTK,,null,Wed Jul 19 2017 18:02:19 GMT-0500 (Central Daylight Time),,Voyager,,Minnesota,Wed Jul 19 2017 18:02:19 GMT-0500 (Central Daylight Time)
4ecsJccKdH,,null,Fri Dec 04 2015 03:08:10 GMT-0600 (Central Standard Time),,Lermytte,,Louis,Fri Dec 04 2015 03:08:10 GMT-0600 (Central Standard Time)
4ijQB41mge,,null,Sun Apr 10 2016 10:11:22 GMT-0500 (Central Daylight Time),,Jaworski,,Thomas,Sun Apr 10 2016 10:11:22 GMT-0500 (Central Daylight Time)
4pD1BWYoK7,,null,Wed Sep 20 2017 16:46:05 GMT-0500 (Central Daylight Time),,Johnson,,Korey,Wed Sep 20 2017 16:46:05 GMT-0500 (Central Daylight Time)
4xwU5ek8FO,,null,Sat Jan 09 2016 07:39:51 GMT-0600 (Central Standard Time),,Ford,,Zoe,Sat Jan 09 2016 07:39:51 GMT-0600 (Central Standard Time)
4yYfo5mAsJ,,null,Fri Dec 04 2015 03:07:16 GMT-0600 (Central Standard Time),,Diaz,,Jorge,Fri Dec 04 2015 03:07:16 GMT-0600 (Central Standard Time)
4zcw79OSYI,,null,Sun Feb 07 2016 14:07:58 GMT-0600 (Central Standard Time),,Havlin,,Max,Sun Feb 07 2016 14:07:58 GMT-0600 (Central Standard Time)
50Ns9INOFS,,null,Sun Apr 10 2016 10:10:21 GMT-0500 (Central Daylight Time),,Corbo,,Lia,Sun Apr 10 2016 10:10:21 GMT-0500 (Central Daylight Time)
58WHHPQ4uk,,null,Mon Jan 25 2016 21:14:03 GMT-0600 (Central Standard Time),,Jones,,Emilee,Mon Jan 25 2016 21:14:03 GMT-0600 (Central Standard Time)
5ADSTR9wJu,,null,Wed May 20 2020 07:41:11 GMT-0500 (Central Daylight Time),,Lee,,Devin,Wed May 20 2020 07:41:11 GMT-0500 (Central Daylight Time)
5VkNyxHw60,,null,Wed Dec 09 2015 17:52:31 GMT-0600 (Central Standard Time),,Daniel,,Joseph,Wed Dec 09 2015 17:52:31 GMT-0600 (Central Standard Time)
5fUpENut0X,,null,Wed Dec 09 2015 17:52:31 GMT-0600 (Central Standard Time),,Pascutoi,,Michael,Wed Dec 09 2015 17:52:31 GMT-0600 (Central Standard Time)
5sDrAqyKCT,,null,Fri Dec 04 2015 00:13:26 GMT-0600 (Central Standard Time),,Ray,,Jaison,Fri Dec 04 2015 00:13:26 GMT-0600 (Central Standard Time)
5tUuCBXwmd,,null,Fri Dec 04 2015 03:12:01 GMT-0600 (Central Standard Time),,Thrip,,Jemma,Fri Dec 04 2015 03:12:01 GMT-0600 (Central Standard Time)
5yxFaiyoQc,,null,Wed May 20 2020 07:41:28 GMT-0500 (Central Daylight Time),,Lu,,Janice,Wed May 20 2020 07:41:28 GMT-0500 (Central Daylight Time)
60PvE3ZZSh,,null,Thu Aug 06 2020 08:08:49 GMT-0500 (Central Daylight Time),,Johnson,,Lewis,Thu Aug 06 2020 08:08:49 GMT-0500 (Central Daylight Time)
65HPPsjGrZ,,null,Wed Dec 09 2015 17:52:31 GMT-0600 (Central Standard Time),,Palmer,,Alexis,Wed Dec 09 2015 17:52:31 GMT-0600 (Central Standard Time)
69OoV8Ss1V,,null,Wed Dec 09 2015 17:52:31 GMT-0600 (Central Standard Time),,Scherer,,Steven,Wed Dec 09 2015 17:52:31 GMT-0600 (Central Standard Time)
6BKAN9WNWw,,null,Mon Jan 25 2016 21:15:42 GMT-0600 (Central Standard Time),,Rowland,,Brent,Mon Jan 25 2016 21:15:42 GMT-0600 (Central Standard Time)
6C5R1VNM6H,,null,Mon Dec 21 2015 16:02:48 GMT-0600 (Central Standard Time),,Schram von Haupt,,Ross,Mon Dec 21 2015 16:02:48 GMT-0600 (Central Standard Time)
6E8uUB44G1,,null,Fri Jan 01 2016 16:35:46 GMT-0600 (Central Standard Time),,Wier,,David,Fri Jan 01 2016 16:35:46 GMT-0600 (Central Standard Time)
6Hx1uYR7HI,,null,Thu Feb 02 2017 10:47:21 GMT-0600 (Central Standard Time),,McCoy,,Devin,Thu Feb 02 2017 10:47:21 GMT-0600 (Central Standard Time)
6StjzskCUG,,null,Thu Aug 06 2020 08:51:17 GMT-0500 (Central Daylight Time),,McLaughlin,,Bex,Thu Aug 06 2020 08:51:17 GMT-0500 (Central Daylight Time)
6XnFBTgmve,,null,Fri Jan 01 2016 16:37:43 GMT-0600 (Central Standard Time),,Bennett,,Rebecca,Fri Jan 01 2016 16:37:43 GMT-0600 (Central Standard Time)
6Yaq4XFaKd,,null,Fri Jan 01 2016 16:38:19 GMT-0600 (Central Standard Time),,Enos,,Marisa,Fri Jan 01 2016 16:38:19 GMT-0600 (Central Standard Time)
6Yyb6R6LN8,,null,Sun Apr 10 2016 10:11:36 GMT-0500 (Central Daylight Time),,Lenhart,,Allison,Sun Apr 10 2016 10:11:36 GMT-0500 (Central Daylight Time)
6bY4InEDBz,,null,Thu Nov 05 2015 09:11:05 GMT-0600 (Central Standard Time),,Snell,,Helen,Thu Nov 05 2015 09:11:05 GMT-0600 (Central Standard Time)
6ejyw0QB9A,,null,Sun Feb 28 2016 12:45:09 GMT-0600 (Central Standard Time),,Black,,Trey,Sun Feb 28 2016 12:45:09 GMT-0600 (Central Standard Time)
6usXXsh6xl,,null,Fri Jan 01 2016 16:37:29 GMT-0600 (Central Standard Time),,Banas,,David,Fri Jan 01 2016 16:37:29 GMT-0600 (Central Standard Time)
6wGYZGKtgM,,null,Sun Feb 07 2016 14:09:07 GMT-0600 (Central Standard Time),,Trudeau,,T.,Sun Feb 07 2016 14:09:07 GMT-0600 (Central Standard Time)
71ZhAdGAmJ,,null,Fri Dec 04 2015 00:17:55 GMT-0600 (Central Standard Time),,Bechtold,,Nathaniel,Fri Dec 04 2015 00:17:55 GMT-0600 (Central Standard Time)
7BK3mKitcb,,null,Sun Apr 10 2016 10:10:38 GMT-0500 (Central Daylight Time),,Fanning,,Christine,Sun Apr 10 2016 10:10:38 GMT-0500 (Central Daylight Time)
7EDnO5gKrL,,null,Thu Aug 06 2020 08:50:28 GMT-0500 (Central Daylight Time),,Owesly,,E,Thu Aug 06 2020 08:50:28 GMT-0500 (Central Daylight Time)
7Gr7wlFWb9,,null,Fri Feb 16 2018 08:50:49 GMT-0600 (Central Standard Time),,Courouble,,Timothee,Fri Feb 16 2018 08:50:49 GMT-0600 (Central Standard Time)
7KjYaMBEnr,,null,Mon Nov 30 2015 16:53:15 GMT-0600 (Central Standard Time),,Slutzker,,Juliet,Mon Nov 30 2015 16:53:15 GMT-0600 (Central Standard Time)
7SG7S8Ilz8,,null,Sun Apr 10 2016 10:11:07 GMT-0500 (Central Daylight Time),,Hritsko,,Josiah,Sun Apr 10 2016 10:11:07 GMT-0500 (Central Daylight Time)
7a2BqBJxYQ,,null,Wed Dec 09 2015 17:52:31 GMT-0600 (Central Standard Time),,Portillo,,Max,Wed Dec 09 2015 17:52:31 GMT-0600 (Central Standard Time)
7fFXDeqHdu,,null,Thu Aug 06 2020 08:04:36 GMT-0500 (Central Daylight Time),,Davis,,Adam,Thu Aug 06 2020 08:04:36 GMT-0500 (Central Daylight Time)
7vFMHlep5R,,null,Fri Dec 04 2015 03:13:39 GMT-0600 (Central Standard Time),,Gregg,,Imy,Fri Dec 04 2015 03:13:39 GMT-0600 (Central Standard Time)
821oZkfWPo,,null,Wed Dec 09 2015 17:52:31 GMT-0600 (Central Standard Time),,Eveland,,Matt,Wed Dec 09 2015 17:52:31 GMT-0600 (Central Standard Time)
83V3We5QSJ,,null,Sun Apr 10 2016 10:03:56 GMT-0500 (Central Daylight Time),,Axel,,Scott,Sun Apr 10 2016 10:03:56 GMT-0500 (Central Daylight Time)
8A2mysJ41Q,,null,Fri Dec 04 2015 03:05:24 GMT-0600 (Central Standard Time),,Reyniers,,Elisabeth,Fri Dec 04 2015 03:05:24 GMT-0600 (Central Standard Time)
8BBsZ4fjPT,,null,Wed Dec 09 2015 17:52:31 GMT-0600 (Central Standard Time),,Calhoun,,Ashley,Wed Dec 09 2015 17:52:31 GMT-0600 (Central Standard Time)
8FqXEZ6U4W,,null,Sat May 02 2020 13:19:46 GMT-0500 (Central Daylight Time),,Parrish,,John,Sat May 02 2020 13:19:46 GMT-0500 (Central Daylight Time)
8G4T1Aoir7,,null,Sat May 09 2020 12:57:41 GMT-0500 (Central Daylight Time),,Wang,,Jack,Sat May 09 2020 12:57:41 GMT-0500 (Central Daylight Time)
8UDRDFDgFD,,null,Sat May 02 2020 13:19:03 GMT-0500 (Central Daylight Time),,Kwan,,Tim,Sat May 02 2020 13:19:03 GMT-0500 (Central Daylight Time)
8cPxxM8roA,,null,Sun Oct 11 2015 08:39:29 GMT-0500 (Central Daylight Time),,Nguyen,,Richard,Sun Oct 11 2015 08:38:21 GMT-0500 (Central Daylight Time)
8oboyaBuhl,,null,Wed Dec 09 2015 17:52:31 GMT-0600 (Central Standard Time),,Taylor,,Meredith,Wed Dec 09 2015 17:52:31 GMT-0600 (Central Standard Time)
8px5NyuyoW,,null,Mon Feb 18 2019 20:42:38 GMT-0600 (Central Standard Time),,Goaley,,T.J.,Mon Feb 18 2019 20:42:38 GMT-0600 (Central Standard Time)
8wSf1VFzoY,,null,Sun Oct 11 2015 08:39:20 GMT-0500 (Central Daylight Time),,Rock,,Christopher,Sun Oct 11 2015 08:38:21 GMT-0500 (Central Daylight Time)
90dAl4qsWY,,null,Wed Dec 09 2015 17:52:31 GMT-0600 (Central Standard Time),,Fitzgerald,,Blake,Wed Dec 09 2015 17:52:31 GMT-0600 (Central Standard Time)
917jFZ5oi8,,null,Thu Nov 05 2015 09:10:17 GMT-0600 (Central Standard Time),,Jackson,,Jon,Thu Nov 05 2015 09:10:17 GMT-0600 (Central Standard Time)
9DM13pxt1c,,null,Sat Jan 09 2016 18:40:21 GMT-0600 (Central Standard Time),,Goldstein,,Alex,Sat Jan 09 2016 18:40:21 GMT-0600 (Central Standard Time)
9DOHnfBhZT,,null,Sun Apr 10 2016 10:13:31 GMT-0500 (Central Daylight Time),,Miller,,Brett,Sun Apr 10 2016 10:13:31 GMT-0500 (Central Daylight Time)
9HFbnV1aeb,,null,Sat May 02 2020 13:20:03 GMT-0500 (Central Daylight Time),,Stoychoff,,Curtis,Sat May 02 2020 13:20:03 GMT-0500 (Central Daylight Time)
9K4crkkmfA,,null,Mon Jan 25 2016 21:14:19 GMT-0600 (Central Standard Time),,Kirkpatrick,,Joshua,Mon Jan 25 2016 21:14:19 GMT-0600 (Central Standard Time)
9Vg38ZzJni,,null,Wed Dec 09 2015 17:52:31 GMT-0600 (Central Standard Time),,Rupp,,Zach,Wed Dec 09 2015 17:52:31 GMT-0600 (Central Standard Time)
9a1lv4F2gg,,null,Sun Feb 28 2016 12:43:15 GMT-0600 (Central Standard Time),,Marino,,Nick,Sun Feb 28 2016 12:43:15 GMT-0600 (Central Standard Time)
9daFJ0aZbl,,null,Sat May 09 2020 12:57:08 GMT-0500 (Central Daylight Time),,Molina,,John,Sat May 09 2020 12:57:08 GMT-0500 (Central Daylight Time)
9depCHGHgX,,null,Mon Jan 25 2016 21:12:37 GMT-0600 (Central Standard Time),,Berrios,,Vincent,Mon Jan 25 2016 21:12:37 GMT-0600 (Central Standard Time)
9duPKvfocc,,null,Thu Nov 05 2015 09:10:55 GMT-0600 (Central Standard Time),,Smacher,,Sara,Thu Nov 05 2015 09:10:55 GMT-0600 (Central Standard Time)
9eJv24OKHP,,null,Mon Jan 25 2016 21:13:33 GMT-0600 (Central Standard Time),,Hernandez,,Oscar,Mon Jan 25 2016 21:13:33 GMT-0600 (Central Standard Time)
9pYpGGXgxO,,null,Mon Feb 18 2019 20:41:41 GMT-0600 (Central Standard Time),,Garcia,,Jonathan,Mon Feb 18 2019 20:41:41 GMT-0600 (Central Standard Time)
9wNwYhuSEd,,null,Mon Jan 25 2016 21:08:27 GMT-0600 (Central Standard Time),,Nelson,,Ricky,Mon Jan 25 2016 21:08:27 GMT-0600 (Central Standard Time)
9wsDJZt1LF,,null,Mon Feb 13 2017 13:14:53 GMT-0600 (Central Standard Time),,Buswinka,,Anna,Mon Feb 13 2017 13:14:53 GMT-0600 (Central Standard Time)
A4HSc2L1iZ,,null,Sun Feb 28 2016 12:43:46 GMT-0600 (Central Standard Time),,Dickson,,Austin,Sun Feb 28 2016 12:43:46 GMT-0600 (Central Standard Time)
A5r2zqeLLI,,null,Wed Dec 30 2015 15:20:34 GMT-0600 (Central Standard Time),,Aerts,,Emile,Wed Dec 30 2015 15:20:34 GMT-0600 (Central Standard Time)
A7qbGxmtff,,null,Fri Dec 04 2015 00:18:02 GMT-0600 (Central Standard Time),,Webber,,Alec,Fri Dec 04 2015 00:18:02 GMT-0600 (Central Standard Time)
AFBp2l4SoG,,null,Thu Nov 05 2015 09:11:35 GMT-0600 (Central Standard Time),,Herzog,,Brian,Thu Nov 05 2015 09:11:35 GMT-0600 (Central Standard Time)
AFeaZeMTqP,,null,Mon Nov 30 2015 17:07:42 GMT-0600 (Central Standard Time),,Rastogi,,Aman,Mon Nov 30 2015 17:07:42 GMT-0600 (Central Standard Time)
AG5wwJuSIk,,null,Fri Dec 04 2015 03:07:09 GMT-0600 (Central Standard Time),,Dion,,Florian,Fri Dec 04 2015 03:07:09 GMT-0600 (Central Standard Time)
AKBuEiMdEz,,null,Thu Aug 06 2020 08:48:53 GMT-0500 (Central Daylight Time),,Harvard,,A,Thu Aug 06 2020 08:48:53 GMT-0500 (Central Daylight Time)
AWtHWKkRud,,null,Wed May 20 2020 07:40:58 GMT-0500 (Central Daylight Time),,Junior,,CJ,Wed May 20 2020 07:40:58 GMT-0500 (Central Daylight Time)
AZyQwU46XD,,null,Wed Dec 30 2015 15:24:24 GMT-0600 (Central Standard Time),,Masereel,,Nick,Wed Dec 30 2015 15:24:24 GMT-0600 (Central Standard Time)
Ae4K4CwdbX,,null,Sun Oct 11 2015 08:39:28 GMT-0500 (Central Daylight Time),,Paulson,,Cheyenne,Sun Oct 11 2015 08:38:21 GMT-0500 (Central Daylight Time)
AgJAMYYdpK,,null,Sun Oct 11 2015 08:39:25 GMT-0500 (Central Daylight Time),,Rubino,,Cam,Sun Oct 11 2015 08:38:21 GMT-0500 (Central Daylight Time)
AleeSVhsre,,null,Mon Feb 18 2019 20:41:27 GMT-0600 (Central Standard Time),,Hickmott,,Emily,Mon Feb 18 2019 20:41:27 GMT-0600 (Central Standard Time)
B0S9lw0ArQ,,null,Sun Feb 07 2016 14:08:19 GMT-0600 (Central Standard Time),,Knowlton,,J.,Sun Feb 07 2016 14:08:19 GMT-0600 (Central Standard Time)
B5cKX4h4FO,,null,Fri Jan 01 2016 16:37:24 GMT-0600 (Central Standard Time),,Wier,,David,Fri Jan 01 2016 16:37:24 GMT-0600 (Central Standard Time)
BCu8lNpZd9,,null,Thu Aug 06 2020 08:48:44 GMT-0500 (Central Daylight Time),,Newton,,Tom,Thu Aug 06 2020 08:48:44 GMT-0500 (Central Daylight Time)
BDbXApyN3i,,null,Mon Feb 18 2019 20:43:39 GMT-0600 (Central Standard Time),,Garrison,,Craig,Mon Feb 18 2019 20:43:39 GMT-0600 (Central Standard Time)
BEYDVRhJeB,,null,Wed Aug 05 2015 02:42:04 GMT-0500 (Central Daylight Time),,Griessman,,Ben,Wed Aug 05 2015 02:40:46 GMT-0500 (Central Daylight Time)
BH9rfkpXHa,,null,Fri Feb 16 2018 08:40:51 GMT-0600 (Central Standard Time),,Combs,,Sabrina,Fri Feb 16 2018 08:40:51 GMT-0600 (Central Standard Time)
BLqfE6dKxo,,null,Fri Dec 04 2015 00:14:33 GMT-0600 (Central Standard Time),,Winters,,Hannah,Fri Dec 04 2015 00:14:33 GMT-0600 (Central Standard Time)
BNhpCydga0,,null,Sun Oct 11 2015 08:39:20 GMT-0500 (Central Daylight Time),,Tan,,Oscar,Sun Oct 11 2015 08:38:21 GMT-0500 (Central Daylight Time)
BP4Pq5sWgd,,null,Wed Aug 05 2015 02:40:13 GMT-0500 (Central Daylight Time),,Breen,,Evan,Wed Aug 05 2015 02:38:46 GMT-0500 (Central Daylight Time)
BevlXznXgR,,null,Fri Dec 04 2015 01:28:03 GMT-0600 (Central Standard Time),,Mayer,,David,Fri Dec 04 2015 01:28:03 GMT-0600 (Central Standard Time)
BtrxsmyMbu,,null,Sat Jan 09 2016 17:30:16 GMT-0600 (Central Standard Time),,Cooper,,Zane,Sat Jan 09 2016 17:30:16 GMT-0600 (Central Standard Time)
BvBYxdkcd8,,null,Fri Aug 05 2016 22:49:48 GMT-0500 (Central Daylight Time),,Australia,,Test,Fri Aug 05 2016 22:49:48 GMT-0500 (Central Daylight Time)
Bx0uMlxAOu,,null,Sun Oct 11 2015 08:39:18 GMT-0500 (Central Daylight Time),,O'Connell,,Meaghan,Sun Oct 11 2015 08:38:21 GMT-0500 (Central Daylight Time)
C1UvChllxf,,null,Fri Dec 04 2015 03:12:37 GMT-0600 (Central Standard Time),,Mikolajczak,,Jan,Fri Dec 04 2015 03:12:37 GMT-0600 (Central Standard Time)
CAu1NHal4T,,null,Wed Dec 09 2015 17:52:31 GMT-0600 (Central Standard Time),,Richard,,Kaitlin,Wed Dec 09 2015 17:52:31 GMT-0600 (Central Standard Time)
CBd4aJg8bD,,null,Sat May 02 2020 13:17:50 GMT-0500 (Central Daylight Time),,Doyle,,Zach,Sat May 02 2020 13:17:50 GMT-0500 (Central Daylight Time)
CHkFadSPH6,,null,Thu Aug 06 2020 08:01:10 GMT-0500 (Central Daylight Time),,Armitage,,Joshua,Thu Aug 06 2020 08:01:10 GMT-0500 (Central Daylight Time)
CLciaXnWY2,,null,Mon Jan 25 2016 21:16:37 GMT-0600 (Central Standard Time),,Treat,,Saber,Mon Jan 25 2016 21:16:37 GMT-0600 (Central Standard Time)
CN3vveLMBh,,null,Mon Dec 21 2015 22:44:11 GMT-0600 (Central Standard Time),,Pavlovsky,,Edgar,Mon Dec 21 2015 22:44:11 GMT-0600 (Central Standard Time)
CUY5DnEPS1,,null,Mon Dec 21 2015 22:44:01 GMT-0600 (Central Standard Time),,Meehan,,Dylan,Mon Dec 21 2015 22:44:01 GMT-0600 (Central Standard Time)
CWl5bsSkzf,,null,Wed Aug 05 2015 02:41:11 GMT-0500 (Central Daylight Time),,Novack,,Maddy,Wed Aug 05 2015 02:40:44 GMT-0500 (Central Daylight Time)
CWtbW6IMnw,,null,Thu Aug 06 2020 08:50:50 GMT-0500 (Central Daylight Time),,Waldron,,M,Thu Aug 06 2020 08:50:50 GMT-0500 (Central Daylight Time)
CY11CSF2Gf,,null,Wed Jul 21 2021 18:04:31 GMT-0500 (Central Daylight Time),,Salinas,,Freddy,Wed Jul 21 2021 18:04:31 GMT-0500 (Central Daylight Time)
CYl4bRI2iB,,null,Fri Dec 04 2015 00:14:07 GMT-0600 (Central Standard Time),,Troppman,,Tyler,Fri Dec 04 2015 00:14:07 GMT-0600 (Central Standard Time)
CcwDbfECm7,,null,Fri Dec 04 2015 00:14:14 GMT-0600 (Central Standard Time),,Wells,,Alex,Fri Dec 04 2015 00:14:14 GMT-0600 (Central Standard Time)
CeOriRcis1,,null,Fri Dec 04 2015 00:15:34 GMT-0600 (Central Standard Time),,Strawn,,Allison,Fri Dec 04 2015 00:15:34 GMT-0600 (Central Standard Time)
CoEXxBGIia,,null,Wed Dec 09 2015 17:52:31 GMT-0600 (Central Standard Time),,Kersey,,Stephen,Wed Dec 09 2015 17:52:31 GMT-0600 (Central Standard Time)
CqaTISjN4l,,null,Sat May 02 2020 13:20:07 GMT-0500 (Central Daylight Time),,Wolfe,,Emma,Sat May 02 2020 13:20:07 GMT-0500 (Central Daylight Time)
CwpT9epLgh,,null,Thu Nov 05 2015 09:08:53 GMT-0600 (Central Standard Time),,Gagne,,Daniel,Thu Nov 05 2015 09:08:53 GMT-0600 (Central Standard Time)
D2q0Z2xQgb,,null,Tue Jun 06 2017 12:24:04 GMT-0500 (Central Daylight Time),,Jolly,,Max,Tue Jun 06 2017 12:24:04 GMT-0500 (Central Daylight Time)
D5CpYZ4DFA,,null,Wed Jul 21 2021 18:05:35 GMT-0500 (Central Daylight Time),,Polzin,,Kyzer,Wed Jul 21 2021 18:05:35 GMT-0500 (Central Daylight Time)
DDIhpXqEa7,,null,Wed Dec 09 2015 17:52:31 GMT-0600 (Central Standard Time),,Sampson,,Rebecca,Wed Dec 09 2015 17:52:31 GMT-0600 (Central Standard Time)
DEI0JCfqoe,,null,Wed Dec 09 2015 17:52:31 GMT-0600 (Central Standard Time),,Leitch,,Alex,Wed Dec 09 2015 17:52:31 GMT-0600 (Central Standard Time)
DFWwqYzMgM,,null,Sat May 09 2020 12:55:56 GMT-0500 (Central Daylight Time),,Gebremicael,,Aron,Sat May 09 2020 12:55:56 GMT-0500 (Central Daylight Time)
DHCppCm3zW,,null,Sun Feb 28 2016 12:44:25 GMT-0600 (Central Standard Time),,McBride,,Erin,Sun Feb 28 2016 12:44:25 GMT-0600 (Central Standard Time)
DJM2eQTxk4,,null,Tue Jun 06 2017 12:24:27 GMT-0500 (Central Daylight Time),,Lipps,,Luke,Tue Jun 06 2017 12:24:27 GMT-0500 (Central Daylight Time)
DRe6dkXhDY,,null,Mon Feb 18 2019 20:43:11 GMT-0600 (Central Standard Time),,Dorsett,,John,Mon Feb 18 2019 20:43:11 GMT-0600 (Central Standard Time)
DV2Dc0vpil,,null,Fri Dec 04 2015 03:13:08 GMT-0600 (Central Standard Time),,Veale,,Aaron,Fri Dec 04 2015 03:13:08 GMT-0600 (Central Standard Time)
DixBF5AhZr,,null,Sun Feb 28 2016 12:44:04 GMT-0600 (Central Standard Time),,Alvarez,,Danielle,Sun Feb 28 2016 12:44:04 GMT-0600 (Central Standard Time)
Dls7Rpb9JU,,null,Sun Jan 24 2016 13:35:32 GMT-0600 (Central Standard Time),,Carr,,Sam,Sun Jan 24 2016 13:35:32 GMT-0600 (Central Standard Time)
DnFzxfIKTL,,null,Mon Feb 18 2019 20:40:49 GMT-0600 (Central Standard Time),,Esparza,,Miguel,Mon Feb 18 2019 20:40:49 GMT-0600 (Central Standard Time)
DrpTA7qfBU,,null,Sun Jan 24 2016 13:33:56 GMT-0600 (Central Standard Time),,Allyn,,Gina,Sun Jan 24 2016 13:33:56 GMT-0600 (Central Standard Time)
E33Q0ofTxQ,,null,Wed Dec 09 2015 17:52:31 GMT-0600 (Central Standard Time),,Isch,,Kyle,Wed Dec 09 2015 17:52:31 GMT-0600 (Central Standard Time)
E3whK7u5wR,,null,Wed Dec 09 2015 17:52:31 GMT-0600 (Central Standard Time),,Dick,,Emily,Wed Dec 09 2015 17:52:31 GMT-0600 (Central Standard Time)
EAaFQF1zwJ,,null,Wed Jan 06 2016 19:43:22 GMT-0600 (Central Standard Time),,Keifer,,Jared,Wed Jan 06 2016 19:43:22 GMT-0600 (Central Standard Time)
EDa9Mkic30,,null,Mon Dec 21 2015 22:46:25 GMT-0600 (Central Standard Time),,Haggag,,Mo,Mon Dec 21 2015 22:46:25 GMT-0600 (Central Standard Time)
EMWeMkVBVK,,null,Wed Aug 05 2015 02:38:39 GMT-0500 (Central Daylight Time),,DuBois,,Danielle,Wed Aug 05 2015 02:38:25 GMT-0500 (Central Daylight Time)
EWaH6EpO6e,,null,Wed Nov 09 2016 11:57:41 GMT-0600 (Central Standard Time),,Le,,Austin,Wed Nov 09 2016 11:57:41 GMT-0600 (Central Standard Time)
EXwQhHDt9S,,null,Wed May 20 2020 07:40:53 GMT-0500 (Central Daylight Time),,Jaiyeola,,Shade,Wed May 20 2020 07:40:53 GMT-0500 (Central Daylight Time)
EdW2YWuxIb,,null,Sun Oct 11 2015 08:39:27 GMT-0500 (Central Daylight Time),,Shcroeder,,Terra,Sun Oct 11 2015 08:38:21 GMT-0500 (Central Daylight Time)
ElVnKyZRml,,null,Wed Dec 09 2015 17:52:31 GMT-0600 (Central Standard Time),,Dolby,,CJ,Wed Dec 09 2015 17:52:31 GMT-0600 (Central Standard Time)
EnJLWiMjLJ,,null,Wed Aug 05 2015 02:40:10 GMT-0500 (Central Daylight Time),,Oppenlander,,Matt,Wed Aug 05 2015 02:38:45 GMT-0500 (Central Daylight Time)
EnPqkDURdL,,null,Mon Feb 13 2017 13:17:15 GMT-0600 (Central Standard Time),,Huddleston,,Bobby,Mon Feb 13 2017 13:17:15 GMT-0600 (Central Standard Time)
F0SC0eTfis,,null,Fri Dec 04 2015 03:07:34 GMT-0600 (Central Standard Time),,Patel,,Shati,Fri Dec 04 2015 03:07:34 GMT-0600 (Central Standard Time)
F2PlBYAu8o,,null,Thu Nov 05 2015 09:07:14 GMT-0600 (Central Standard Time),,Sandon,,Devin,Thu Nov 05 2015 09:07:14 GMT-0600 (Central Standard Time)
F6vx6uYtmk,,null,Fri Jan 01 2016 16:37:58 GMT-0600 (Central Standard Time),,Booth,,Matthew,Fri Jan 01 2016 16:37:58 GMT-0600 (Central Standard Time)
F7ulI804YN,,null,Thu Aug 06 2020 08:05:58 GMT-0500 (Central Daylight Time),,Vavruskova,,Eliska,Thu Aug 06 2020 08:05:58 GMT-0500 (Central Daylight Time)
FOKc0IxhMX,,null,Sat Jan 09 2016 17:42:55 GMT-0600 (Central Standard Time),,Bennett,,Andrew,Sat Jan 09 2016 17:42:55 GMT-0600 (Central Standard Time)
FXLSGfxPBg,,null,Sun Jan 24 2016 19:02:35 GMT-0600 (Central Standard Time),,Ottowicz,,Jasiek,Sun Jan 24 2016 19:02:35 GMT-0600 (Central Standard Time)
FcZA3mqexb,,null,Fri Dec 04 2015 00:14:41 GMT-0600 (Central Standard Time),,Granato,,Charli,Fri Dec 04 2015 00:14:41 GMT-0600 (Central Standard Time)
FfuLPPzI3Q,,null,Mon Mar 27 2017 12:07:19 GMT-0500 (Central Daylight Time),,Perozich,,Collin,Mon Mar 27 2017 12:07:19 GMT-0500 (Central Daylight Time)
FmVwUEaGGa,,null,Sat Jan 09 2016 07:39:39 GMT-0600 (Central Standard Time),,Western,,Matthew,Sat Jan 09 2016 07:39:39 GMT-0600 (Central Standard Time)
Fo6Hn64CVO,,null,Wed Dec 09 2015 17:52:31 GMT-0600 (Central Standard Time),,McAdoo,,Max,Wed Dec 09 2015 17:52:31 GMT-0600 (Central Standard Time)
FvWOSHYX5u,,null,Sun Feb 07 2016 14:07:27 GMT-0600 (Central Standard Time),,Baer,,J.,Sun Feb 07 2016 14:07:27 GMT-0600 (Central Standard Time)
G1Vo0zPxAc,,null,Sat May 02 2020 13:16:27 GMT-0500 (Central Daylight Time),,Bento,,Greg,Sat May 02 2020 13:16:27 GMT-0500 (Central Daylight Time)
G3nNSLEziD,,null,Sun Oct 11 2015 08:39:18 GMT-0500 (Central Daylight Time),,Ramirez,,Rene,Sun Oct 11 2015 08:38:21 GMT-0500 (Central Daylight Time)
GA2kMshz0W,,null,Mon Dec 21 2015 16:02:25 GMT-0600 (Central Standard Time),,Stolzberg,,Robert,Mon Dec 21 2015 16:02:25 GMT-0600 (Central Standard Time)
GBOHwub6oF,,null,Wed Aug 05 2015 02:43:39 GMT-0500 (Central Daylight Time),,Morris,,Rita,Wed Aug 05 2015 02:42:47 GMT-0500 (Central Daylight Time)
GO5TYqf8fI,,null,Mon Jan 25 2016 21:06:59 GMT-0600 (Central Standard Time),,Gonzalez,,Santiago,Mon Jan 25 2016 21:06:59 GMT-0600 (Central Standard Time)
GOHrz7SwWx,,null,Wed Dec 09 2015 17:52:31 GMT-0600 (Central Standard Time),,Harmon,,Amber,Wed Dec 09 2015 17:52:31 GMT-0600 (Central Standard Time)
GOysfQMvzP,,null,Fri Dec 04 2015 01:28:45 GMT-0600 (Central Standard Time),,Yoder,,Matthew,Fri Dec 04 2015 01:28:45 GMT-0600 (Central Standard Time)
GSETlO5nPE,,null,Mon Dec 21 2015 22:45:33 GMT-0600 (Central Standard Time),,Nasta,,Mario,Mon Dec 21 2015 22:45:33 GMT-0600 (Central Standard Time)
GcNIEnnzeD,,null,Thu Aug 06 2020 08:07:20 GMT-0500 (Central Daylight Time),,Gratton,,James,Thu Aug 06 2020 08:07:20 GMT-0500 (Central Daylight Time)
Gckn99xUyB,,null,Wed Dec 09 2015 17:52:31 GMT-0600 (Central Standard Time),,Sanson,,Kyle,Wed Dec 09 2015 17:52:31 GMT-0600 (Central Standard Time)
Gg1gI51g94,,null,Mon Dec 21 2015 15:58:37 GMT-0600 (Central Standard Time),,Bollard,,Sarah,Mon Dec 21 2015 15:58:37 GMT-0600 (Central Standard Time)
GkiVRch1K4,,null,Sun Oct 11 2015 08:39:19 GMT-0500 (Central Daylight Time),,Goulston,,Liz,Sun Oct 11 2015 08:38:21 GMT-0500 (Central Daylight Time)
GleSf2IZSt,,null,Wed May 20 2020 07:42:07 GMT-0500 (Central Daylight Time),,Rosenberg,,Jason,Wed May 20 2020 07:42:07 GMT-0500 (Central Daylight Time)
GutatGiHk6,,null,Sat Jan 09 2016 17:33:53 GMT-0600 (Central Standard Time),,Szuba,,Catherine,Sat Jan 09 2016 17:33:53 GMT-0600 (Central Standard Time)
H5EsayjQpk,,null,Mon Feb 18 2019 20:43:29 GMT-0600 (Central Standard Time),,Zahn,,Logan,Mon Feb 18 2019 20:43:29 GMT-0600 (Central Standard Time)
H5rzpUSedi,,null,Fri Dec 04 2015 03:06:47 GMT-0600 (Central Standard Time),,Goossens,,Pieter,Fri Dec 04 2015 03:06:47 GMT-0600 (Central Standard Time)
H7Cut8lEc8,,null,Fri Dec 04 2015 03:11:20 GMT-0600 (Central Standard Time),,Craig,,Ollie,Fri Dec 04 2015 03:11:20 GMT-0600 (Central Standard Time)
HA4LkSwB0g,,null,Thu Aug 06 2020 08:07:44 GMT-0500 (Central Daylight Time),,Lee,,Jessica,Thu Aug 06 2020 08:07:44 GMT-0500 (Central Daylight Time)
HCUHlfP7mQ,,null,Sun Oct 11 2015 08:39:17 GMT-0500 (Central Daylight Time),,Hoopingarner,,Evan,Sun Oct 11 2015 08:38:21 GMT-0500 (Central Daylight Time)
HEzMUszkrK,,null,Thu Aug 06 2020 08:08:16 GMT-0500 (Central Daylight Time),,Duckwitz,,Kira,Thu Aug 06 2020 08:08:16 GMT-0500 (Central Daylight Time)
HGgnmViRGT,,null,Thu Aug 06 2020 08:04:42 GMT-0500 (Central Daylight Time),,Rhodes,,Amy,Thu Aug 06 2020 08:04:42 GMT-0500 (Central Daylight Time)
HMka5CQ3hU,,null,Sat May 02 2020 13:19:52 GMT-0500 (Central Daylight Time),,Scura,,Ian,Sat May 02 2020 13:19:52 GMT-0500 (Central Daylight Time)
HPCHD4D36J,,null,Sat Jan 09 2016 17:27:38 GMT-0600 (Central Standard Time),,Fiebig,,Matthew,Sat Jan 09 2016 17:27:38 GMT-0600 (Central Standard Time)
HQEkDq6267,,null,Sun Jan 24 2016 19:01:22 GMT-0600 (Central Standard Time),,Jakus,,Kristin,Sun Jan 24 2016 19:01:22 GMT-0600 (Central Standard Time)
HWQ7Zvn9vx,,null,Wed May 20 2020 07:42:31 GMT-0500 (Central Daylight Time),,Wisehart,,Fiona,Wed May 20 2020 07:42:31 GMT-0500 (Central Daylight Time)
HiZ3FaeC5U,,null,Wed Dec 09 2015 17:52:31 GMT-0600 (Central Standard Time),,Berger,,Nipu,Wed Dec 09 2015 17:52:31 GMT-0600 (Central Standard Time)
I76KAGdDhi,,null,Wed Dec 09 2015 17:52:31 GMT-0600 (Central Standard Time),,Venuti,,Alex,Wed Dec 09 2015 17:52:31 GMT-0600 (Central Standard Time)
I9Lf6ZCy5I,,null,Mon Jan 25 2016 21:15:07 GMT-0600 (Central Standard Time),,Orsbun,,Cody,Mon Jan 25 2016 21:15:07 GMT-0600 (Central Standard Time)
IGkC6WWK49,,null,Mon Feb 18 2019 20:43:05 GMT-0600 (Central Standard Time),,Martinez,,Terencio,Mon Feb 18 2019 20:43:05 GMT-0600 (Central Standard Time)
IGkEELHXj3,,null,Mon Feb 18 2019 20:42:19 GMT-0600 (Central Standard Time),,DePano,,Francis,Mon Feb 18 2019 20:42:19 GMT-0600 (Central Standard Time)
IMj8Zz7HWp,,null,Wed Sep 20 2017 16:45:54 GMT-0500 (Central Daylight Time),,Kierczynski,,Katie,Wed Sep 20 2017 16:45:54 GMT-0500 (Central Daylight Time)
IRcNlVPGUR,,null,Sun Jan 24 2016 13:38:49 GMT-0600 (Central Standard Time),,Chaus,,Paul,Sun Jan 24 2016 13:38:49 GMT-0600 (Central Standard Time)
ISTXD7TZH2,,null,Fri Dec 04 2015 00:12:57 GMT-0600 (Central Standard Time),,Seggerman,,Brett,Fri Dec 04 2015 00:12:57 GMT-0600 (Central Standard Time)
Iay3hxLtDk,,null,Sat May 02 2020 13:17:22 GMT-0500 (Central Daylight Time),,Dolan,,Ashley,Sat May 02 2020 13:17:22 GMT-0500 (Central Daylight Time)
IgjsHHBVre,,null,Sat Jan 09 2016 18:40:54 GMT-0600 (Central Standard Time),,Lang,,Abby,Sat Jan 09 2016 18:40:54 GMT-0600 (Central Standard Time)
IzRiCkJapn,,null,Sun Oct 11 2015 08:39:19 GMT-0500 (Central Daylight Time),,St. Amour,,Miranda,Sun Oct 11 2015 08:38:21 GMT-0500 (Central Daylight Time)
JF3jET8F7M,,null,Tue Jun 06 2017 12:23:24 GMT-0500 (Central Daylight Time),,Grossman,,Melanie,Tue Jun 06 2017 12:23:24 GMT-0500 (Central Daylight Time)
JNhvgfWrN5,,null,Fri Aug 05 2016 00:15:59 GMT-0500 (Central Daylight Time),,Burton,,Alyssa,Fri Aug 05 2016 00:15:59 GMT-0500 (Central Daylight Time)
JOfceEIbBi,,null,Sat Jan 09 2016 17:30:40 GMT-0600 (Central Standard Time),,Digmann,,Nathan,Sat Jan 09 2016 17:30:40 GMT-0600 (Central Standard Time)
JayP2bjaJz,,null,Fri Feb 16 2018 08:51:05 GMT-0600 (Central Standard Time),,De la Garza,,Patricia,Fri Feb 16 2018 08:51:05 GMT-0600 (Central Standard Time)
JfTAAlBiAS,,null,Thu Aug 06 2020 08:05:03 GMT-0500 (Central Daylight Time),,Freeman,,Benjamin,Thu Aug 06 2020 08:05:03 GMT-0500 (Central Daylight Time)
JrBzRJ6MDO,,null,Sat Jan 09 2016 07:39:26 GMT-0600 (Central Standard Time),,Richards,,Mark,Sat Jan 09 2016 07:39:26 GMT-0600 (Central Standard Time)
JsvodrMs8i,,null,Sun Apr 10 2016 10:10:30 GMT-0500 (Central Daylight Time),,Eccker,,Michael,Sun Apr 10 2016 10:10:30 GMT-0500 (Central Daylight Time)
JuVyxBwz9N,,null,Sat Jan 09 2016 17:31:51 GMT-0600 (Central Standard Time),,Krueger,,Max,Sat Jan 09 2016 17:31:51 GMT-0600 (Central Standard Time)
Jx4iK5wXqR,,null,Fri Dec 04 2015 03:12:45 GMT-0600 (Central Standard Time),,Noble,,Chris,Fri Dec 04 2015 03:12:45 GMT-0600 (Central Standard Time)
JxCTnEruGB,,null,Fri Feb 16 2018 08:41:31 GMT-0600 (Central Standard Time),,Wu,,Leo,Fri Feb 16 2018 08:41:31 GMT-0600 (Central Standard Time)
JxcAekhk9T,,null,Wed Dec 09 2015 17:52:31 GMT-0600 (Central Standard Time),,Bowling,,Jason,Wed Dec 09 2015 17:52:31 GMT-0600 (Central Standard Time)
KAvbEEnLar,,null,Fri Aug 07 2015 01:48:33 GMT-0500 (Central Daylight Time),,Schieble,,Michael,Fri Aug 07 2015 01:48:18 GMT-0500 (Central Daylight Time)
KDvKmXez7t,,null,Mon Dec 21 2015 16:08:10 GMT-0600 (Central Standard Time),,Seid,,Sam,Mon Dec 21 2015 16:08:10 GMT-0600 (Central Standard Time)
KFdiiu65PI,,null,Mon Jan 25 2016 21:08:52 GMT-0600 (Central Standard Time),,Obregon,,Gabriel,Mon Jan 25 2016 21:08:52 GMT-0600 (Central Standard Time)
KHm5m3G4Hk,,null,Mon Feb 18 2019 20:43:23 GMT-0600 (Central Standard Time),,Willett,,Brook,Mon Feb 18 2019 20:43:23 GMT-0600 (Central Standard Time)
KLI41SYqIw,,null,Mon Dec 21 2015 15:55:33 GMT-0600 (Central Standard Time),,Sutorius,,Drew,Mon Dec 21 2015 15:55:33 GMT-0600 (Central Standard Time)
KMDBEQu5Ex,,null,Sun Oct 11 2015 08:39:35 GMT-0500 (Central Daylight Time),,Oh,,Andy,Sun Oct 11 2015 08:38:21 GMT-0500 (Central Daylight Time)
KP0ilTFhPE,,null,Sat Jan 09 2016 07:42:39 GMT-0600 (Central Standard Time),,Dawes,,Ben,Sat Jan 09 2016 07:42:39 GMT-0600 (Central Standard Time)
KiDbcWNWHw,,null,Fri Dec 04 2015 03:05:45 GMT-0600 (Central Standard Time),,Grinwis Plaat Stultjes,,Laurens,Fri Dec 04 2015 03:05:45 GMT-0600 (Central Standard Time)
KqIC9pKL3Q,,null,Thu Aug 06 2020 08:05:18 GMT-0500 (Central Daylight Time),,Smart,,Cameron,Thu Aug 06 2020 08:05:18 GMT-0500 (Central Daylight Time)
KteR1cy5sN,,null,Fri Dec 04 2015 03:08:24 GMT-0600 (Central Standard Time),,Fall,,Moussa,Fri Dec 04 2015 03:08:24 GMT-0600 (Central Standard Time)
Kvq6EOqDw6,,null,Thu Aug 06 2020 08:09:37 GMT-0500 (Central Daylight Time),,Bhatt,,Sohum,Thu Aug 06 2020 08:09:37 GMT-0500 (Central Daylight Time)
Ky3IjI9wmp,,null,Fri Jan 01 2016 16:39:22 GMT-0600 (Central Standard Time),,May,,Michaela,Fri Jan 01 2016 16:39:22 GMT-0600 (Central Standard Time)
KyYNOHhaX9,,null,Sun Oct 11 2015 08:39:29 GMT-0500 (Central Daylight Time),,Halperin,,Sondra,Sun Oct 11 2015 08:38:21 GMT-0500 (Central Daylight Time)
L1x14JJv4e,,null,Wed Dec 09 2015 17:52:31 GMT-0600 (Central Standard Time),,Anderson,,Danielle,Wed Dec 09 2015 17:52:31 GMT-0600 (Central Standard Time)
L3k9RRartz,,null,Fri Dec 04 2015 20:10:12 GMT-0600 (Central Standard Time),,Pruyn,,Austin,Fri Dec 04 2015 20:10:12 GMT-0600 (Central Standard Time)
LDKFH3A94r,,null,Wed Dec 09 2015 17:52:31 GMT-0600 (Central Standard Time),,DeLongchamp,,Sara,Wed Dec 09 2015 17:52:31 GMT-0600 (Central Standard Time)
LGTsbePMK7,,null,Wed Dec 09 2015 17:52:31 GMT-0600 (Central Standard Time),,Clarke,,Harry,Wed Dec 09 2015 17:52:31 GMT-0600 (Central Standard Time)
LOm1LOSK9B,,null,Thu Oct 15 2015 12:09:20 GMT-0500 (Central Daylight Time),,Whipple,,Brad,Thu Oct 15 2015 12:09:16 GMT-0500 (Central Daylight Time)
LTtUAAFC8z,,null,Wed Dec 09 2015 17:52:31 GMT-0600 (Central Standard Time),,Roitblat,,Samuel,Wed Dec 09 2015 17:52:31 GMT-0600 (Central Standard Time)
LUVj0MbklD,,null,Sat Jan 09 2016 07:40:47 GMT-0600 (Central Standard Time),,Horn,,Charis,Sat Jan 09 2016 07:40:47 GMT-0600 (Central Standard Time)
LVA2DSq6xR,,null,Fri Jan 01 2016 16:37:50 GMT-0600 (Central Standard Time),,Bohr,,Isabel,Fri Jan 01 2016 16:37:50 GMT-0600 (Central Standard Time)
LXLHPjP4yL,,null,Sat Jan 09 2016 17:43:20 GMT-0600 (Central Standard Time),,Chien,,Will,Sat Jan 09 2016 17:43:20 GMT-0600 (Central Standard Time)
LXtwA1U1HF,,null,Fri Aug 07 2015 03:12:29 GMT-0500 (Central Daylight Time),,Lewandowski,,Jeanie,Fri Aug 07 2015 03:12:16 GMT-0500 (Central Daylight Time)
LYtWpeMeKh,,null,Fri Dec 04 2015 03:08:36 GMT-0600 (Central Standard Time),,Mailleux,,Caroline,Fri Dec 04 2015 03:08:36 GMT-0600 (Central Standard Time)
LbOTBtVDoC,,null,Wed Dec 30 2015 15:22:55 GMT-0600 (Central Standard Time),,Aers,,Lisa,Wed Dec 30 2015 15:22:55 GMT-0600 (Central Standard Time)
LbXU1XRLPj,,null,Fri Dec 04 2015 03:11:26 GMT-0600 (Central Standard Time),,Twist,,Luke,Fri Dec 04 2015 03:11:26 GMT-0600 (Central Standard Time)
LfOT6FpyQK,,null,Wed Dec 09 2015 17:52:31 GMT-0600 (Central Standard Time),,Schulz,,Erich,Wed Dec 09 2015 17:52:31 GMT-0600 (Central Standard Time)
LhPg9yD9sh,,null,Sat May 09 2020 12:55:47 GMT-0500 (Central Daylight Time),,Garza,,Sammy,Sat May 09 2020 12:55:47 GMT-0500 (Central Daylight Time)
Ljohqm8J8M,,null,Fri Dec 04 2015 03:07:27 GMT-0600 (Central Standard Time),,Burlion,,Tanghi,Fri Dec 04 2015 03:07:27 GMT-0600 (Central Standard Time)
LuaAhHXuUZ,,null,Fri Jan 01 2016 17:05:00 GMT-0600 (Central Standard Time),,Tarnosky,,Jacob,Fri Jan 01 2016 17:05:00 GMT-0600 (Central Standard Time)
M11fvnu8r0,,null,Fri Dec 04 2015 01:27:32 GMT-0600 (Central Standard Time),,Gittings,,Christopher,Fri Dec 04 2015 01:27:32 GMT-0600 (Central Standard Time)
M8rDwezD2Q,,null,Thu Aug 06 2020 08:09:07 GMT-0500 (Central Daylight Time),,Lewis,,Michael,Thu Aug 06 2020 08:09:07 GMT-0500 (Central Daylight Time)
Mahdedzoe0,,null,Thu Aug 06 2020 08:48:09 GMT-0500 (Central Daylight Time),,Strickland,,Charlie,Thu Aug 06 2020 08:48:09 GMT-0500 (Central Daylight Time)
Mdx3iwNhN6,,null,Tue Jun 06 2017 12:25:09 GMT-0500 (Central Daylight Time),,Westbrook,,Cecelia,Tue Jun 06 2017 12:25:09 GMT-0500 (Central Daylight Time)
Mj4it6q1B9,,null,Sun Jan 24 2016 19:03:44 GMT-0600 (Central Standard Time),,Tita,,Erik,Sun Jan 24 2016 19:03:44 GMT-0600 (Central Standard Time)
Mj8jymrhB4,,null,Sat May 09 2020 12:54:44 GMT-0500 (Central Daylight Time),,Anderson,,John,Sat May 09 2020 12:54:44 GMT-0500 (Central Daylight Time)
MmDyqpu553,,null,Mon Jan 25 2016 21:06:46 GMT-0600 (Central Standard Time),,Fox,,David,Mon Jan 25 2016 21:06:46 GMT-0600 (Central Standard Time)
MqPTpfWOX3,,null,Sun Feb 07 2016 14:09:02 GMT-0600 (Central Standard Time),,Sturm,,Ethan,Sun Feb 07 2016 14:09:02 GMT-0600 (Central Standard Time)
MrQCrr1isp,,null,Sat Jan 09 2016 17:43:04 GMT-0600 (Central Standard Time),,Buchholz,,Sam,Sat Jan 09 2016 17:43:04 GMT-0600 (Central Standard Time)
Msmr5MBZd9,,null,Sat May 02 2020 13:19:11 GMT-0500 (Central Daylight Time),,Mayor,,Athena,Sat May 02 2020 13:19:11 GMT-0500 (Central Daylight Time)
MwJmip2TqV,,null,Sun Feb 28 2016 12:44:10 GMT-0600 (Central Standard Time),,Bottoms,,Dylan,Sun Feb 28 2016 12:44:10 GMT-0600 (Central Standard Time)
MyRRRTdDWw,,null,Thu Nov 05 2015 09:10:06 GMT-0600 (Central Standard Time),,Hurlbert,,Alexa,Thu Nov 05 2015 09:10:06 GMT-0600 (Central Standard Time)
N2nkCyT2ec,,null,Sat May 09 2020 12:57:25 GMT-0500 (Central Daylight Time),,Roe,,Davis,Sat May 09 2020 12:57:25 GMT-0500 (Central Daylight Time)
NJZDNzTUTg,,null,Thu Nov 05 2015 09:10:41 GMT-0600 (Central Standard Time),,Savarese,,Kyle,Thu Nov 05 2015 09:10:41 GMT-0600 (Central Standard Time)
NL7recSlBT,,null,Tue Jun 06 2017 12:25:35 GMT-0500 (Central Daylight Time),,Jones,,Crystal,Tue Jun 06 2017 12:25:35 GMT-0500 (Central Daylight Time)
NNDDVgESX3,,null,Tue Dec 15 2015 13:21:52 GMT-0600 (Central Standard Time),,Kramer,,Josh,Tue Dec 15 2015 13:21:52 GMT-0600 (Central Standard Time)
NNIgEviofN,,null,Wed Dec 09 2015 17:52:31 GMT-0600 (Central Standard Time),,Burnside,,Sam,Wed Dec 09 2015 17:52:31 GMT-0600 (Central Standard Time)
NPwL8Dh2y4,,null,Wed Aug 05 2015 02:40:40 GMT-0500 (Central Daylight Time),,Burns,,Margaret,Wed Aug 05 2015 02:38:43 GMT-0500 (Central Daylight Time)
NWZEbqfWte,,null,Mon Feb 18 2019 20:42:31 GMT-0600 (Central Standard Time),,Robertson,,Josh,Mon Feb 18 2019 20:42:31 GMT-0600 (Central Standard Time)
NcJGiQUCSN,,null,Fri Dec 04 2015 03:05:33 GMT-0600 (Central Standard Time),,van Huygevoort,,Tim,Fri Dec 04 2015 03:05:33 GMT-0600 (Central Standard Time)
NfqPO5SMtn,,null,Sun Oct 11 2015 08:39:16 GMT-0500 (Central Daylight Time),,Pang,,Chris,Sun Oct 11 2015 08:38:21 GMT-0500 (Central Daylight Time)
NhYjUrOB4Z,,null,Sun Apr 10 2016 10:11:52 GMT-0500 (Central Daylight Time),,McCandless,,Matt,Sun Apr 10 2016 10:11:52 GMT-0500 (Central Daylight Time)
NjVtVrp8L3,,null,Fri Dec 04 2015 00:15:29 GMT-0600 (Central Standard Time),,Taylor,,Trevor,Fri Dec 04 2015 00:15:29 GMT-0600 (Central Standard Time)
NlGBe3VN1S,,null,Sat Jan 09 2016 18:41:45 GMT-0600 (Central Standard Time),,Welch,,Arielle,Sat Jan 09 2016 18:41:45 GMT-0600 (Central Standard Time)
OMYEaHOf1j,,null,Sun Apr 10 2016 10:12:01 GMT-0500 (Central Daylight Time),,Meisenhelter,,Josh,Sun Apr 10 2016 10:12:01 GMT-0500 (Central Daylight Time)
OO9bYW46hs,,null,Fri Dec 04 2015 00:26:34 GMT-0600 (Central Standard Time),,Panico,,Matt,Fri Dec 04 2015 00:26:34 GMT-0600 (Central Standard Time)
OSU72txBmR,,null,Thu Nov 05 2015 09:08:30 GMT-0600 (Central Standard Time),,Figgins,,Steven,Thu Nov 05 2015 09:08:30 GMT-0600 (Central Standard Time)
OZD45yjuIq,,null,Mon Jan 25 2016 21:07:53 GMT-0600 (Central Standard Time),,Lutz,,Brennen,Mon Jan 25 2016 21:07:53 GMT-0600 (Central Standard Time)
ObNSSxANSy,,null,Fri Dec 04 2015 03:05:12 GMT-0600 (Central Standard Time),,De Wit,,Seppe,Fri Dec 04 2015 03:05:12 GMT-0600 (Central Standard Time)
OkYwctsAKC,,null,Wed May 20 2020 07:40:39 GMT-0500 (Central Daylight Time),,Hazlett,,Shawn,Wed May 20 2020 07:40:39 GMT-0500 (Central Daylight Time)
Or3LsE3utV,,null,Tue Jun 06 2017 12:24:51 GMT-0500 (Central Daylight Time),,Owen,,Mary,Tue Jun 06 2017 12:24:51 GMT-0500 (Central Daylight Time)
PFH8mRJr3G,,null,Thu Nov 05 2015 09:10:23 GMT-0600 (Central Standard Time),,Keefer,,Cody,Thu Nov 05 2015 09:10:23 GMT-0600 (Central Standard Time)
PH9MVOkf5L,,null,Sun Jul 03 2016 00:28:11 GMT-0500 (Central Daylight Time),,Test,,Italian,Sun Jul 03 2016 00:28:11 GMT-0500 (Central Daylight Time)
PJopeE4iEy,,null,Fri Aug 05 2016 00:16:45 GMT-0500 (Central Daylight Time),,Aleman,,Margo,Fri Aug 05 2016 00:16:45 GMT-0500 (Central Daylight Time)
PKbyXrODTu,,null,Sat Jan 09 2016 17:43:40 GMT-0600 (Central Standard Time),,Emery,,Alyssa,Sat Jan 09 2016 17:43:40 GMT-0600 (Central Standard Time)
PaYdQQP5Cg,,null,Mon Jan 25 2016 21:15:36 GMT-0600 (Central Standard Time),,Rogers,,Dustin,Mon Jan 25 2016 21:15:36 GMT-0600 (Central Standard Time)
PdizOi4Joa,,null,Wed Dec 02 2015 16:16:51 GMT-0600 (Central Standard Time),,Test,,Blase,Wed Dec 02 2015 16:16:51 GMT-0600 (Central Standard Time)
Pe2rJiAKQO,,null,Sun Feb 07 2016 14:07:34 GMT-0600 (Central Standard Time),,Bostic,,S,Sun Feb 07 2016 14:07:34 GMT-0600 (Central Standard Time)
Pnr4BHAnvi,,null,Sat Jun 13 2015 00:55:05 GMT-0500 (Central Daylight Time),,Lavelanet,,Lisa,Sat Jun 13 2015 00:55:05 GMT-0500 (Central Daylight Time)
PpgqlwtMOp,,null,Sat Jan 09 2016 18:41:14 GMT-0600 (Central Standard Time),,Nardi,,Libby,Sat Jan 09 2016 18:41:14 GMT-0600 (Central Standard Time)
PtV7LlqqWt,,null,Wed Dec 09 2015 17:52:31 GMT-0600 (Central Standard Time),,Boettner,,Jeremy,Wed Dec 09 2015 17:52:31 GMT-0600 (Central Standard Time)
PudHIgqgWl,,null,Wed Dec 09 2015 17:52:31 GMT-0600 (Central Standard Time),,Walker,,Tyler,Wed Dec 09 2015 17:52:31 GMT-0600 (Central Standard Time)
PvN4cMv9Wh,,null,Thu Nov 05 2015 09:06:58 GMT-0600 (Central Standard Time),,Hurlbert,,Shane,Thu Nov 05 2015 09:06:58 GMT-0600 (Central Standard Time)
PzKNwybQw6,,null,Fri Dec 04 2015 00:12:08 GMT-0600 (Central Standard Time),,Downs,,Rachel,Fri Dec 04 2015 00:12:08 GMT-0600 (Central Standard Time)
Q33TGg7n4h,,null,Wed Nov 09 2016 11:59:16 GMT-0600 (Central Standard Time),,Fuji,,Duncan,Wed Nov 09 2016 11:59:16 GMT-0600 (Central Standard Time)
Q3yKQ2aosV,,null,Sun Apr 10 2016 10:09:56 GMT-0500 (Central Daylight Time),,Byrne,,Tommy,Sun Apr 10 2016 10:09:56 GMT-0500 (Central Daylight Time)
Q6j8ylrQqA,,null,Fri Dec 04 2015 03:13:02 GMT-0600 (Central Standard Time),,Woodburn,,Jackie,Fri Dec 04 2015 03:13:02 GMT-0600 (Central Standard Time)
Q8DYGCFqd2,,null,Wed Dec 09 2015 17:52:31 GMT-0600 (Central Standard Time),,Walters,,Tad,Wed Dec 09 2015 17:52:31 GMT-0600 (Central Standard Time)
Q9dSvngdsQ,,null,Thu Feb 02 2017 10:47:09 GMT-0600 (Central Standard Time),,Melton,,Matt,Thu Feb 02 2017 10:47:09 GMT-0600 (Central Standard Time)
QF7k4ZxrNY,,null,Tue Dec 15 2015 20:15:20 GMT-0600 (Central Standard Time),,Callanan,,William,Wed Dec 09 2015 17:52:31 GMT-0600 (Central Standard Time)
QIFbXXQS8t,,null,Sat May 09 2020 12:54:51 GMT-0500 (Central Daylight Time),,Andrews,,Josh,Sat May 09 2020 12:54:51 GMT-0500 (Central Daylight Time)
QK7VvpQ7Ye,,null,Fri Dec 04 2015 03:08:18 GMT-0600 (Central Standard Time),,Buelens,,Charlotte,Fri Dec 04 2015 03:08:18 GMT-0600 (Central Standard Time)
QNWDr4DGgE,,null,Wed May 20 2020 07:39:31 GMT-0500 (Central Daylight Time),,Belitzky,,Steven,Wed May 20 2020 07:39:31 GMT-0500 (Central Daylight Time)
QUGvcF0cCi,,null,Wed Dec 09 2015 17:52:31 GMT-0600 (Central Standard Time),,Neibecker,,Brian,Wed Dec 09 2015 17:52:31 GMT-0600 (Central Standard Time)
QYN5vuPsmt,,null,Wed Aug 05 2015 02:42:09 GMT-0500 (Central Daylight Time),,Morley,,Sam,Wed Aug 05 2015 02:40:45 GMT-0500 (Central Daylight Time)
QcjRKsIMCb,,null,Wed Dec 09 2015 17:52:31 GMT-0600 (Central Standard Time),,Ackland,,Benjamin,Wed Dec 09 2015 17:52:31 GMT-0600 (Central Standard Time)
Qse4dRBZFU,,null,Wed Dec 09 2015 17:52:31 GMT-0600 (Central Standard Time),,Scheer,,Alex,Wed Dec 09 2015 17:52:31 GMT-0600 (Central Standard Time)
QtECt8QvXE,,null,Sat Jan 09 2016 18:41:08 GMT-0600 (Central Standard Time),,Malfatti,,Gina,Sat Jan 09 2016 18:41:08 GMT-0600 (Central Standard Time)
QwTn0NQtk8,,null,Thu Nov 05 2015 09:11:12 GMT-0600 (Central Standard Time),,Warren,,Justin,Thu Nov 05 2015 09:11:12 GMT-0600 (Central Standard Time)
R2JiAyzHex,,null,Sun Feb 07 2016 14:06:22 GMT-0600 (Central Standard Time),,Archibald,,Jayke,Sun Feb 07 2016 14:06:22 GMT-0600 (Central Standard Time)
R8rbFqhcok,,null,Fri Dec 04 2015 00:16:27 GMT-0600 (Central Standard Time),,Kellogg,,Elias,Fri Dec 04 2015 00:16:27 GMT-0600 (Central Standard Time)
RD4pk7wpca,,null,Sat Jan 09 2016 18:41:00 GMT-0600 (Central Standard Time),,Loberg,,Matt,Sat Jan 09 2016 18:41:00 GMT-0600 (Central Standard Time)
RKJ1LaoXwt,,null,Wed Dec 09 2015 17:52:31 GMT-0600 (Central Standard Time),,Parker,,Anna,Wed Dec 09 2015 17:52:31 GMT-0600 (Central Standard Time)
RLKgXB6VTU,,null,Mon Dec 21 2015 22:43:23 GMT-0600 (Central Standard Time),,Monroe,,Augustine,Mon Dec 21 2015 22:43:23 GMT-0600 (Central Standard Time)
RRwi67ieaj,,null,Sat Jan 09 2016 17:31:01 GMT-0600 (Central Standard Time),,Einloth,,Shane,Sat Jan 09 2016 17:31:01 GMT-0600 (Central Standard Time)
RSkGPEFTzt,,null,Mon Dec 21 2015 15:57:59 GMT-0600 (Central Standard Time),,Keith,,Jacob,Mon Dec 21 2015 15:57:59 GMT-0600 (Central Standard Time)
RVJQCufF1f,,null,Wed May 20 2020 07:39:42 GMT-0500 (Central Daylight Time),,Ebner,,Jeff,Wed May 20 2020 07:39:42 GMT-0500 (Central Daylight Time)
RY9uvxgIjJ,,null,Wed Aug 05 2015 02:43:23 GMT-0500 (Central Daylight Time),,Katshir,,Hannah,Wed Aug 05 2015 02:42:50 GMT-0500 (Central Daylight Time)
Rb19zmagz9,,null,Mon Dec 21 2015 15:58:51 GMT-0600 (Central Standard Time),,Bocian,,Molly,Mon Dec 21 2015 15:58:51 GMT-0600 (Central Standard Time)
Ri17zAc4mq,,null,Fri Aug 07 2015 01:47:17 GMT-0500 (Central Daylight Time),,Friess,,Natalie,Fri Aug 07 2015 01:47:04 GMT-0500 (Central Daylight Time)
Ri1vbJ6tTJ,,null,Sat May 09 2020 12:56:36 GMT-0500 (Central Daylight Time),,Marshall,,Kaley,Sat May 09 2020 12:56:36 GMT-0500 (Central Daylight Time)
RkbYS79bYA,,null,Wed Aug 05 2015 02:38:20 GMT-0500 (Central Daylight Time),,Do,,Phuc,Wed Aug 05 2015 02:38:09 GMT-0500 (Central Daylight Time)
RlEEeclKW7,,null,Wed May 20 2020 07:41:48 GMT-0500 (Central Daylight Time),,Minson,,Frank,Wed May 20 2020 07:41:48 GMT-0500 (Central Daylight Time)
RmXzn0nGSe,,null,Sun Oct 11 2015 08:39:15 GMT-0500 (Central Daylight Time),,Popma,,Rose,Sun Oct 11 2015 08:38:21 GMT-0500 (Central Daylight Time)
Rrmr9iIZDq,,null,Thu Nov 05 2015 09:08:37 GMT-0600 (Central Standard Time),,DeNoto,,Zack,Thu Nov 05 2015 09:08:37 GMT-0600 (Central Standard Time)
RzKs9ITL9V,,null,Fri Dec 04 2015 01:27:56 GMT-0600 (Central Standard Time),,Mattson,,Sarah,Fri Dec 04 2015 01:27:56 GMT-0600 (Central Standard Time)
SAgTOm6syg,,null,Fri Aug 05 2016 00:17:06 GMT-0500 (Central Daylight Time),,Haimowitz,,Sam,Fri Aug 05 2016 00:17:06 GMT-0500 (Central Daylight Time)
SDZcD8OEUO,,null,Mon Jan 25 2016 21:13:18 GMT-0600 (Central Standard Time),,Harmon,,Patricia,Mon Jan 25 2016 21:13:18 GMT-0600 (Central Standard Time)
SIzdcMaPVu,,null,Sun Feb 28 2016 12:45:16 GMT-0600 (Central Standard Time),,Quintanilla,,Valerie,Sun Feb 28 2016 12:45:16 GMT-0600 (Central Standard Time)
SKIudPh2NP,,null,Wed Dec 09 2015 17:52:31 GMT-0600 (Central Standard Time),,Kaufman,,Nicholas,Wed Dec 09 2015 17:52:31 GMT-0600 (Central Standard Time)
SN0sQ9veNb,,null,Sun Jan 24 2016 19:01:33 GMT-0600 (Central Standard Time),,Lewis,,Rebecca,Sun Jan 24 2016 19:01:33 GMT-0600 (Central Standard Time)
SWXJBgULk9,,null,Wed Dec 09 2015 17:52:31 GMT-0600 (Central Standard Time),,Coleman,,Lisle,Wed Dec 09 2015 17:52:31 GMT-0600 (Central Standard Time)
Swuqyy3V0s,,null,Wed Dec 09 2015 17:52:31 GMT-0600 (Central Standard Time),,Franklin,,Kelsey,Wed Dec 09 2015 17:52:31 GMT-0600 (Central Standard Time)
T2okH7zvM8,,null,Fri Dec 04 2015 03:07:58 GMT-0600 (Central Standard Time),,Berger,,Pauline,Fri Dec 04 2015 03:07:58 GMT-0600 (Central Standard Time)
T9yiyEUNV4,,null,Fri Aug 05 2016 00:16:13 GMT-0500 (Central Daylight Time),,Turtles,,Amanda,Fri Aug 05 2016 00:16:13 GMT-0500 (Central Daylight Time)
TCvR2vp6ja,,null,Fri Aug 07 2015 01:50:36 GMT-0500 (Central Daylight Time),,Clancey,,Scott,Fri Aug 07 2015 01:50:26 GMT-0500 (Central Daylight Time)
TDxGTrdrWB,,null,Sat Jan 09 2016 17:29:15 GMT-0600 (Central Standard Time),,Braun,,Ashley,Sat Jan 09 2016 17:29:15 GMT-0600 (Central Standard Time)
TEohFUma2K,,null,Sun Jan 24 2016 13:34:12 GMT-0600 (Central Standard Time),,Briggs,,Dakota,Sun Jan 24 2016 13:34:12 GMT-0600 (Central Standard Time)
TErmzKGQ2C,,null,Wed May 20 2020 07:41:23 GMT-0500 (Central Daylight Time),,Loree,,Michelle,Wed May 20 2020 07:41:23 GMT-0500 (Central Daylight Time)
TFPt39RMfN,,null,Sat May 09 2020 12:57:15 GMT-0500 (Central Daylight Time),,Nelson,,Logan,Sat May 09 2020 12:57:15 GMT-0500 (Central Daylight Time)
TS8SnBqVFz,,null,Sun Nov 05 2017 00:24:53 GMT-0500 (Central Daylight Time),,Taylor,,Vaughn,Sun Nov 05 2017 00:24:53 GMT-0500 (Central Daylight Time)
TW2SnwomTw,,null,Wed Dec 09 2015 17:52:31 GMT-0600 (Central Standard Time),,Mansour,,Meyessa,Wed Dec 09 2015 17:52:31 GMT-0600 (Central Standard Time)
TXy43JEhRC,,null,Sat Jan 09 2016 17:43:11 GMT-0600 (Central Standard Time),,Burrows,,Shannan,Sat Jan 09 2016 17:43:11 GMT-0600 (Central Standard Time)
ToxwwZq2Gb,,null,Mon Dec 21 2015 22:43:11 GMT-0600 (Central Standard Time),,Dallas,,Amanda,Mon Dec 21 2015 22:43:11 GMT-0600 (Central Standard Time)
TplXj85nec,,null,Fri Dec 04 2015 03:11:53 GMT-0600 (Central Standard Time),,Young,,Robbie (Dugald),Fri Dec 04 2015 03:11:53 GMT-0600 (Central Standard Time)
TuYhqFFZsb,,null,Mon Dec 21 2015 16:04:18 GMT-0600 (Central Standard Time),,Booth,,Brandon,Mon Dec 21 2015 16:04:18 GMT-0600 (Central Standard Time)
U1qGwvLiGF,,null,Sun Feb 28 2016 12:45:21 GMT-0600 (Central Standard Time),,Pickett,,Zachary,Sun Feb 28 2016 12:45:21 GMT-0600 (Central Standard Time)
UX7xXfL74q,,null,Sat May 02 2020 13:16:22 GMT-0500 (Central Daylight Time),,Beckmann,,Tyler,Sat May 02 2020 13:16:22 GMT-0500 (Central Daylight Time)
Uuj3mEuVyB,,null,Wed Dec 09 2015 17:52:31 GMT-0600 (Central Standard Time),,Dinga,,Samantha,Wed Dec 09 2015 17:52:31 GMT-0600 (Central Standard Time)
Uuq1Yrvbuo,,null,Wed Dec 09 2015 17:52:31 GMT-0600 (Central Standard Time),,Kramer,,Josh,Wed Dec 09 2015 17:52:31 GMT-0600 (Central Standard Time)
Ux85FV7mfv,,null,Wed Dec 09 2015 17:52:31 GMT-0600 (Central Standard Time),,Randolph,,Mac,Wed Dec 09 2015 17:52:31 GMT-0600 (Central Standard Time)
V7VqxHqal5,,null,Wed Dec 09 2015 17:52:31 GMT-0600 (Central Standard Time),,A,,David,Wed Dec 09 2015 17:52:31 GMT-0600 (Central Standard Time)
V92p96lPjb,,null,Sat May 02 2020 13:16:56 GMT-0500 (Central Daylight Time),,Costa,,Teddy,Sat May 02 2020 13:16:56 GMT-0500 (Central Daylight Time)
V9E4VNAb2h,,null,Fri Dec 04 2015 03:06:57 GMT-0600 (Central Standard Time),,Raes,,Pauline,Fri Dec 04 2015 03:06:57 GMT-0600 (Central Standard Time)
VGba88dJ9H,,null,Sat Jan 09 2016 07:38:49 GMT-0600 (Central Standard Time),,edmond,,evan,Sat Jan 09 2016 07:38:49 GMT-0600 (Central Standard Time)
VPjtzA2rCb,,null,Sun Oct 11 2015 08:39:27 GMT-0500 (Central Daylight Time),,Evans,,Ethan,Sun Oct 11 2015 08:38:21 GMT-0500 (Central Daylight Time)
VUyUB3mhAD,,null,Mon Jan 25 2016 21:14:54 GMT-0600 (Central Standard Time),,Lamb,,Justin,Mon Jan 25 2016 21:14:54 GMT-0600 (Central Standard Time)
VWRwtkA4HD,,null,Mon Feb 18 2019 20:41:34 GMT-0600 (Central Standard Time),,Mansfield,,Joshua,Mon Feb 18 2019 20:41:34 GMT-0600 (Central Standard Time)
VcEifvt9qQ,,null,Mon Feb 18 2019 20:43:32 GMT-0600 (Central Standard Time),,Sluss,,Robby,Mon Feb 18 2019 20:43:32 GMT-0600 (Central Standard Time)
VlXIHnvgRM,,null,Mon Jan 25 2016 21:07:11 GMT-0600 (Central Standard Time),,Greco,,Anthony,Mon Jan 25 2016 21:07:11 GMT-0600 (Central Standard Time)
VlltjYDkLQ,,null,Mon Dec 21 2015 22:45:51 GMT-0600 (Central Standard Time),,Parada,,Michael,Mon Dec 21 2015 22:45:51 GMT-0600 (Central Standard Time)
VnP8c4sO07,,null,Wed Dec 09 2015 17:52:31 GMT-0600 (Central Standard Time),,Books,,Ian,Wed Dec 09 2015 17:52:31 GMT-0600 (Central Standard Time)
W24AWojUI9,,null,Wed Dec 09 2015 17:52:31 GMT-0600 (Central Standard Time),,Jacobs,,Brendan,Wed Dec 09 2015 17:52:31 GMT-0600 (Central Standard Time)
W4EryBgzr2,,null,Thu Aug 06 2020 08:07:50 GMT-0500 (Central Daylight Time),,Purslow,,Claire,Thu Aug 06 2020 08:07:50 GMT-0500 (Central Daylight Time)
W4hKFIIIGz,,null,Wed Jul 19 2017 19:40:35 GMT-0500 (Central Daylight Time),,Avincula,,Harold,Wed Jul 19 2017 19:40:35 GMT-0500 (Central Daylight Time)
W7vafG77MW,,null,Sat Jan 09 2016 17:29:50 GMT-0600 (Central Standard Time),,Brown,,Jahi,Sat Jan 09 2016 17:29:50 GMT-0600 (Central Standard Time)
WAnRQurUlq,,null,Wed Aug 05 2015 02:40:19 GMT-0500 (Central Daylight Time),,Busch,,Michelle,Wed Aug 05 2015 02:38:49 GMT-0500 (Central Daylight Time)
WBxBV8iYax,,null,Sun Feb 07 2016 14:08:09 GMT-0600 (Central Standard Time),,Jerome,,D.,Sun Feb 07 2016 14:08:09 GMT-0600 (Central Standard Time)
WHGmxBWdBS,,null,Sun Apr 10 2016 10:12:52 GMT-0500 (Central Daylight Time),,Toth,,Paul,Sun Apr 10 2016 10:12:52 GMT-0500 (Central Daylight Time)
WXKZbB952g,,null,Thu Feb 02 2017 10:47:04 GMT-0600 (Central Standard Time),,Mitchell,,A,Thu Feb 02 2017 10:47:04 GMT-0600 (Central Standard Time)
WZWslTb1Ss,,null,Wed Aug 05 2015 02:43:33 GMT-0500 (Central Daylight Time),,Wing,,Kristin,Wed Aug 05 2015 02:42:48 GMT-0500 (Central Daylight Time)
WZhKZeRodR,,null,Wed Dec 09 2015 17:52:31 GMT-0600 (Central Standard Time),,Daugherty,,Daniel,Wed Dec 09 2015 17:52:31 GMT-0600 (Central Standard Time)
Wb6nlaQHhc,,null,Sat Jan 09 2016 17:31:15 GMT-0600 (Central Standard Time),,Febus,,Ryan,Sat Jan 09 2016 17:31:15 GMT-0600 (Central Standard Time)
WbijZ1b39h,,null,Sun Jan 24 2016 19:03:53 GMT-0600 (Central Standard Time),,Western,,Nate,Sun Jan 24 2016 19:03:53 GMT-0600 (Central Standard Time)
WhkylFmkr7,,null,Mon Oct 10 2016 10:16:08 GMT-0500 (Central Daylight Time),,Buchler,,Robby,Mon Oct 10 2016 10:16:08 GMT-0500 (Central Daylight Time)
Wjoll7ldmS,,null,Mon Dec 21 2015 22:44:32 GMT-0600 (Central Standard Time),,Colon,,Jamie,Mon Dec 21 2015 22:44:32 GMT-0600 (Central Standard Time)
WnSMsTT2UA,,null,Wed May 20 2020 07:41:42 GMT-0500 (Central Daylight Time),,Metlzer,,Victor,Wed May 20 2020 07:41:42 GMT-0500 (Central Daylight Time)
WpqITXE6gt,,null,Sun Mar 26 2017 18:47:01 GMT-0500 (Central Daylight Time),,Perozich,,Colin,Sun Mar 26 2017 18:47:01 GMT-0500 (Central Daylight Time)
Wsouuq73ob,,null,Sun Apr 10 2016 10:11:27 GMT-0500 (Central Daylight Time),,Kulick,,Jack,Sun Apr 10 2016 10:11:27 GMT-0500 (Central Daylight Time)
WtKUvAFj9o,,null,Tue Jun 28 2016 18:09:09 GMT-0500 (Central Daylight Time),,Test,,Norway,Tue Jun 28 2016 18:09:09 GMT-0500 (Central Daylight Time)
WtbIN32Vvc,,null,Sun Oct 11 2015 08:39:26 GMT-0500 (Central Daylight Time),,Moehle,,Lauren,Sun Oct 11 2015 08:38:21 GMT-0500 (Central Daylight Time)
Wvq3AaiVS3,,null,Wed Dec 09 2015 17:52:31 GMT-0600 (Central Standard Time),,Fritz,,Julie,Wed Dec 09 2015 17:52:31 GMT-0600 (Central Standard Time)
WxjGC1F5w3,,null,Sat Jan 09 2016 17:32:10 GMT-0600 (Central Standard Time),,Kwak,,Brandon,Sat Jan 09 2016 17:32:10 GMT-0600 (Central Standard Time)
XCBzYCCTEg,,null,Thu Aug 06 2020 08:49:02 GMT-0500 (Central Daylight Time),,Howard,,R,Thu Aug 06 2020 08:49:02 GMT-0500 (Central Daylight Time)
XEK32Ftjg9,,null,Wed Dec 09 2015 17:52:31 GMT-0600 (Central Standard Time),,Scott,,Josh,Wed Dec 09 2015 17:52:31 GMT-0600 (Central Standard Time)
XUVfxtANcL,,null,Fri Dec 04 2015 00:12:01 GMT-0600 (Central Standard Time),,Huling,,Leah,Fri Dec 04 2015 00:12:01 GMT-0600 (Central Standard Time)
XWLFvENJYH,,null,Mon Jan 25 2016 21:13:25 GMT-0600 (Central Standard Time),,Hayes,,Dallas,Mon Jan 25 2016 21:13:25 GMT-0600 (Central Standard Time)
XjmsszhWwy,,null,Sun Jan 24 2016 19:04:09 GMT-0600 (Central Standard Time),,Williams,,Jesse,Sun Jan 24 2016 19:04:09 GMT-0600 (Central Standard Time)
XrNGC0pERc,,null,Thu Nov 23 2017 00:52:04 GMT-0600 (Central Standard Time),,Scattini,,Dean,Thu Nov 23 2017 00:52:04 GMT-0600 (Central Standard Time)
XwuQUAiIik,,null,Thu Aug 06 2020 08:51:28 GMT-0500 (Central Daylight Time),,Donhue,,Aimee,Thu Aug 06 2020 08:51:28 GMT-0500 (Central Daylight Time)
Y5x11UCBub,,null,Sun Feb 07 2016 14:08:24 GMT-0600 (Central Standard Time),,Levis,,K.,Sun Feb 07 2016 14:08:24 GMT-0600 (Central Standard Time)
Y8x9DMYXDV,,null,Sun Apr 10 2016 10:10:57 GMT-0500 (Central Daylight Time),,Hetrick,,Hanna,Sun Apr 10 2016 10:10:57 GMT-0500 (Central Daylight Time)
YNGEcWiTF4,,null,Sat Jan 09 2016 17:31:36 GMT-0600 (Central Standard Time),,Kapellen,,Megan,Sat Jan 09 2016 17:31:36 GMT-0600 (Central Standard Time)
YYEjpOU7jj,,null,Wed May 20 2020 07:39:51 GMT-0500 (Central Daylight Time),,Fernandez,,Ben,Wed May 20 2020 07:39:51 GMT-0500 (Central Daylight Time)
YdQSbEvRfY,,null,Mon Feb 13 2017 13:14:40 GMT-0600 (Central Standard Time),,Grifka,,Ellie,Mon Feb 13 2017 13:14:40 GMT-0600 (Central Standard Time)
YeXdUkGJ79,,null,Wed Dec 09 2015 17:52:31 GMT-0600 (Central Standard Time),,Raudenbush,,Stephanie,Wed Dec 09 2015 17:52:31 GMT-0600 (Central Standard Time)
YidKaXIpca,,null,Sun Oct 11 2015 08:39:29 GMT-0500 (Central Daylight Time),,Force,,Molly,Sun Oct 11 2015 08:38:21 GMT-0500 (Central Daylight Time)
YidxdfMjXb,,null,Sun Feb 28 2016 12:44:17 GMT-0600 (Central Standard Time),,Molina,,Eddie,Sun Feb 28 2016 12:44:17 GMT-0600 (Central Standard Time)
Yoka2SU2mN,,null,Sun Jan 24 2016 19:00:42 GMT-0600 (Central Standard Time),,Howland,,Dan,Sun Jan 24 2016 19:00:42 GMT-0600 (Central Standard Time)
YrQjWLochZ,,null,Sun Jan 24 2016 19:04:04 GMT-0600 (Central Standard Time),,Williams,,George,Sun Jan 24 2016 19:04:04 GMT-0600 (Central Standard Time)
ZMG8oFazwS,,null,Sun Oct 11 2015 08:39:26 GMT-0500 (Central Daylight Time),,Gladfelter,,Matt,Sun Oct 11 2015 08:38:21 GMT-0500 (Central Daylight Time)
ZOVtLKd6wL,,null,Sun Feb 07 2016 14:08:55 GMT-0600 (Central Standard Time),,Nolen,,A.,Sun Feb 07 2016 14:08:55 GMT-0600 (Central Standard Time)
ZRFvKcHPJK,,null,Fri Jan 01 2016 16:38:33 GMT-0600 (Central Standard Time),,Hilla,,Nate,Fri Jan 01 2016 16:38:33 GMT-0600 (Central Standard Time)
ZyEpTzSOQD,,null,Sun Nov 05 2017 00:24:17 GMT-0500 (Central Daylight Time),,Masterman,,Davis,Sun Nov 05 2017 00:24:17 GMT-0500 (Central Daylight Time)
a5LfIgky9b,,null,Wed Dec 09 2015 17:52:31 GMT-0600 (Central Standard Time),,Judkins,,Kyle,Wed Dec 09 2015 17:52:31 GMT-0600 (Central Standard Time)
aBWc3yladC,,null,Sun Oct 11 2015 08:39:17 GMT-0500 (Central Daylight Time),,Peterson,,Lauren,Sun Oct 11 2015 08:38:21 GMT-0500 (Central Daylight Time)
aBwAnsgESF,,null,Wed Nov 21 2018 17:38:15 GMT-0600 (Central Standard Time),,Johnson,,Jackson,Wed Nov 21 2018 17:38:15 GMT-0600 (Central Standard Time)
aCzejLdOxO,,null,Sat Jan 09 2016 07:40:11 GMT-0600 (Central Standard Time),,Walker,,Alice,Sat Jan 09 2016 07:40:11 GMT-0600 (Central Standard Time)
aEdtk391pk,,null,Fri Dec 04 2015 03:07:44 GMT-0600 (Central Standard Time),,Wilputte,,Nathan,Fri Dec 04 2015 03:07:44 GMT-0600 (Central Standard Time)
aN5MeFmEvv,,null,Wed Dec 09 2015 17:52:31 GMT-0600 (Central Standard Time),,Moreno,,Erin,Wed Dec 09 2015 17:52:31 GMT-0600 (Central Standard Time)
aUuPCYzGUz,,null,Sat Jan 09 2016 17:29:29 GMT-0600 (Central Standard Time),,Brophy,,Ryan,Sat Jan 09 2016 17:29:29 GMT-0600 (Central Standard Time)
aYBxZZMQNi,,null,Sat May 02 2020 13:19:28 GMT-0500 (Central Daylight Time),,Monteiro,,Serena,Sat May 02 2020 13:19:28 GMT-0500 (Central Daylight Time)
aktQzexPi2,,null,Sat May 02 2020 13:18:55 GMT-0500 (Central Daylight Time),,Kowalski,,Tess,Sat May 02 2020 13:18:55 GMT-0500 (Central Daylight Time)
amDy05fX21,,null,Thu Aug 06 2020 08:05:32 GMT-0500 (Central Daylight Time),,Moses,,Daniel,Thu Aug 06 2020 08:05:32 GMT-0500 (Central Daylight Time)
awvL4z5LjI,,null,Mon Jan 25 2016 21:14:10 GMT-0600 (Central Standard Time),,Kirby,,Cody,Mon Jan 25 2016 21:14:10 GMT-0600 (Central Standard Time)
ayUib5fZuR,,null,Mon Oct 10 2016 10:15:31 GMT-0500 (Central Daylight Time),,Rudini,,Sam,Mon Oct 10 2016 10:15:31 GMT-0500 (Central Daylight Time)
b8sfgFcehS,,null,Mon Dec 21 2015 22:42:55 GMT-0600 (Central Standard Time),,Linde,,Alex,Mon Dec 21 2015 22:42:55 GMT-0600 (Central Standard Time)
bAIpy4mCni,,null,Wed Dec 09 2015 17:52:31 GMT-0600 (Central Standard Time),,Changet,,Luke,Wed Dec 09 2015 17:52:31 GMT-0600 (Central Standard Time)
bCYfKzBzRy,,null,Sun Oct 11 2015 08:39:19 GMT-0500 (Central Daylight Time),,Das,,Adi,Sun Oct 11 2015 08:38:21 GMT-0500 (Central Daylight Time)
bHBvdERj00,,null,Fri Jan 01 2016 16:39:30 GMT-0600 (Central Standard Time),,Overholt,,Mae,Fri Jan 01 2016 16:39:30 GMT-0600 (Central Standard Time)
bIbrZRZ3Ir,,null,Wed Dec 09 2015 17:52:31 GMT-0600 (Central Standard Time),,Sparks,,Ryan,Wed Dec 09 2015 17:52:31 GMT-0600 (Central Standard Time)
bLF2VXp3rj,,null,Thu Aug 06 2020 08:09:50 GMT-0500 (Central Daylight Time),,Harrison,,Susanna,Thu Aug 06 2020 08:09:50 GMT-0500 (Central Daylight Time)
bksPdNm1jb,,null,Thu Nov 05 2015 09:09:53 GMT-0600 (Central Standard Time),,Huhnke,,Jessica,Thu Nov 05 2015 09:09:53 GMT-0600 (Central Standard Time)
bsDLphQ3jO,,null,Wed May 20 2020 07:42:13 GMT-0500 (Central Daylight Time),,Sebade,,Ryan,Wed May 20 2020 07:42:13 GMT-0500 (Central Daylight Time)
cFt3x7Josg,,null,Sun Apr 10 2016 10:12:58 GMT-0500 (Central Daylight Time),,White,,John,Sun Apr 10 2016 10:12:58 GMT-0500 (Central Daylight Time)
cKoMEDQS4x,,null,Wed Dec 09 2015 17:52:31 GMT-0600 (Central Standard Time),,Coleman,,Ron,Wed Dec 09 2015 17:52:31 GMT-0600 (Central Standard Time)
cU8Yol3BRT,,null,Thu Feb 02 2017 10:42:24 GMT-0600 (Central Standard Time),,Gaffigan,,John,Thu Feb 02 2017 10:42:24 GMT-0600 (Central Standard Time)
cWKorMQMSE,,null,Sun Feb 07 2016 14:09:11 GMT-0600 (Central Standard Time),,Xu,,L.,Sun Feb 07 2016 14:09:11 GMT-0600 (Central Standard Time)
cdVOvSJUML,,null,Wed Dec 09 2015 17:52:31 GMT-0600 (Central Standard Time),,Abad,,Hisham,Wed Dec 09 2015 17:52:31 GMT-0600 (Central Standard Time)
cg0r7rdray,,null,Sun Jan 24 2016 19:00:32 GMT-0600 (Central Standard Time),,Holley,,Zachary,Sun Jan 24 2016 19:00:32 GMT-0600 (Central Standard Time)
cnFzgxE3sV,,null,Sat May 09 2020 12:55:33 GMT-0500 (Central Daylight Time),,Costanza,,Claire,Sat May 09 2020 12:55:33 GMT-0500 (Central Daylight Time)
ct7n8OibzN,,null,Sat Jun 13 2015 00:55:05 GMT-0500 (Central Daylight Time),,Schepers,,Zach,Sat Jun 13 2015 00:55:05 GMT-0500 (Central Daylight Time)
cvxz3CUNvs,,null,Mon Feb 13 2017 13:14:45 GMT-0600 (Central Standard Time),,Majeske,,Zeke,Mon Feb 13 2017 13:14:45 GMT-0600 (Central Standard Time)
cyaXgQxYfB,,null,Sun Feb 28 2016 12:44:31 GMT-0600 (Central Standard Time),,Dugie,,Hunter,Sun Feb 28 2016 12:44:31 GMT-0600 (Central Standard Time)
d5bIGEmLA8,,null,Sat May 09 2020 12:55:10 GMT-0500 (Central Daylight Time),,Bermudez,,Martin,Sat May 09 2020 12:55:10 GMT-0500 (Central Daylight Time)
dANGIO9TLQ,,null,Wed Jul 21 2021 18:05:42 GMT-0500 (Central Daylight Time),,Munoz,,Mia,Wed Jul 21 2021 18:05:42 GMT-0500 (Central Daylight Time)
dAPvyRjR6z,,null,Wed Sep 20 2017 16:46:39 GMT-0500 (Central Daylight Time),,Pascal,,Natasha,Wed Sep 20 2017 16:46:39 GMT-0500 (Central Daylight Time)
dHmqv2Hqu4,,null,Sat May 09 2020 12:55:17 GMT-0500 (Central Daylight Time),,Bevers,,Kayse,Sat May 09 2020 12:55:17 GMT-0500 (Central Daylight Time)
dJQB3eBpFj,,null,Fri Dec 04 2015 01:28:33 GMT-0600 (Central Standard Time),,Harris,,Kayla,Fri Dec 04 2015 01:28:33 GMT-0600 (Central Standard Time)
dMCVHZobPw,,null,Wed Dec 09 2015 17:52:31 GMT-0600 (Central Standard Time),,Zaretzky,,Paula,Wed Dec 09 2015 17:52:31 GMT-0600 (Central Standard Time)
dicymqlngg,,null,Fri Dec 04 2015 03:12:10 GMT-0600 (Central Standard Time),,Norton,,Tom,Fri Dec 04 2015 03:12:10 GMT-0600 (Central Standard Time)
doKS9xxasl,,null,Wed Dec 30 2015 15:20:27 GMT-0600 (Central Standard Time),,Abbagnato,,Soraya,Wed Dec 30 2015 15:20:27 GMT-0600 (Central Standard Time)
dq7t5r7viz,,null,Fri Dec 04 2015 00:26:18 GMT-0600 (Central Standard Time),,Blass,,Alex,Fri Dec 04 2015 00:26:18 GMT-0600 (Central Standard Time)
dvpP73SroT,,null,Mon Dec 21 2015 22:44:21 GMT-0600 (Central Standard Time),,Pogu,,Etienne,Mon Dec 21 2015 22:44:21 GMT-0600 (Central Standard Time)
e3qR7cHiUt,,null,Sun Oct 11 2015 08:39:25 GMT-0500 (Central Daylight Time),,Mazurek,,Alicia,Sun Oct 11 2015 08:38:21 GMT-0500 (Central Daylight Time)
e50Hw33JO1,,null,Wed Dec 09 2015 17:52:31 GMT-0600 (Central Standard Time),,Dwyer,,Matthew,Wed Dec 09 2015 17:52:31 GMT-0600 (Central Standard Time)
eNywSAU1AF,,null,Fri Feb 16 2018 08:41:17 GMT-0600 (Central Standard Time),,Friedman,,Josh,Fri Feb 16 2018 08:41:17 GMT-0600 (Central Standard Time)
eSE8HPACe4,,null,Wed Aug 05 2015 03:01:28 GMT-0500 (Central Daylight Time),,Halperin,,Sarah,Wed Aug 05 2015 02:42:46 GMT-0500 (Central Daylight Time)
ecIhH3ghmd,,null,Sat Jan 09 2016 07:38:30 GMT-0600 (Central Standard Time),,Cooper,,Ash,Sat Jan 09 2016 07:38:30 GMT-0600 (Central Standard Time)
edmySsHyjj,,null,Fri Aug 05 2016 00:17:22 GMT-0500 (Central Daylight Time),,Erwin,,Kaci,Fri Aug 05 2016 00:17:22 GMT-0500 (Central Daylight Time)
ehTUdA9kYV,,null,Wed Dec 09 2015 17:52:31 GMT-0600 (Central Standard Time),,Makey,,Sara,Wed Dec 09 2015 17:52:31 GMT-0600 (Central Standard Time)
eyvNRYsvfB,,null,Thu Aug 06 2020 08:47:07 GMT-0500 (Central Daylight Time),,Dixon,,Lewis,Thu Aug 06 2020 08:47:07 GMT-0500 (Central Daylight Time)
f4HGBXFB5B,,null,Fri Feb 16 2018 08:51:28 GMT-0600 (Central Standard Time),,McPherson,,Rob,Fri Feb 16 2018 08:51:28 GMT-0600 (Central Standard Time)
f5zNy2qDyY,,null,Wed Dec 09 2015 17:52:31 GMT-0600 (Central Standard Time),,Stead,,Ian,Wed Dec 09 2015 17:52:31 GMT-0600 (Central Standard Time)
fGtZ7fTsGC,,null,Mon Feb 13 2017 13:15:41 GMT-0600 (Central Standard Time),,Hoffman,,Summer,Mon Feb 13 2017 13:15:41 GMT-0600 (Central Standard Time)
fUuhmpvEeE,,null,Fri Dec 04 2015 00:13:45 GMT-0600 (Central Standard Time),,Hearn,,Zach,Fri Dec 04 2015 00:13:45 GMT-0600 (Central Standard Time)
fVGjbFoFGZ,,null,Sun Jan 24 2016 13:38:05 GMT-0600 (Central Standard Time),,Froh,,Allison,Sun Jan 24 2016 13:38:05 GMT-0600 (Central Standard Time)
fVoCP39P2P,,null,Sun Apr 10 2016 10:10:13 GMT-0500 (Central Daylight Time),,Chomyn,,Allie,Sun Apr 10 2016 10:10:13 GMT-0500 (Central Daylight Time)
fXz2qeVzzL,,null,Wed Dec 09 2015 17:52:31 GMT-0600 (Central Standard Time),,Terreri,,Robert,Wed Dec 09 2015 17:52:31 GMT-0600 (Central Standard Time)
faSv9q4FZz,,null,Fri Dec 04 2015 00:13:51 GMT-0600 (Central Standard Time),,May,,Marc,Fri Dec 04 2015 00:13:51 GMT-0600 (Central Standard Time)
fcTtIDN9FC,,null,Fri Dec 04 2015 03:12:16 GMT-0600 (Central Standard Time),,Calder,,Lydia,Fri Dec 04 2015 03:12:16 GMT-0600 (Central Standard Time)
fie9dEufG5,,null,Sun Feb 28 2016 12:44:43 GMT-0600 (Central Standard Time),,Hamza,,Khalid,Sun Feb 28 2016 12:44:43 GMT-0600 (Central Standard Time)
fp3ZLH0Wkx,,null,Sun Oct 11 2015 08:39:29 GMT-0500 (Central Daylight Time),,Erickson,,Libby,Sun Oct 11 2015 08:38:21 GMT-0500 (Central Daylight Time)
fqlB6n00MZ,,null,Mon Jan 25 2016 21:08:07 GMT-0600 (Central Standard Time),,McGowan,,Sarah,Mon Jan 25 2016 21:08:07 GMT-0600 (Central Standard Time)
g41NODsuZ9,,null,Thu Nov 05 2015 09:08:11 GMT-0600 (Central Standard Time),,Callanan,,Patrick,Thu Nov 05 2015 09:08:11 GMT-0600 (Central Standard Time)
g6xa4IpjZo,,null,Mon Jan 25 2016 21:06:23 GMT-0600 (Central Standard Time),,Buchta,,Theresa,Mon Jan 25 2016 21:06:23 GMT-0600 (Central Standard Time)
gECFJIS0w0,,null,Sun Feb 28 2016 12:43:57 GMT-0600 (Central Standard Time),,Friday,,Cullen,Sun Feb 28 2016 12:43:57 GMT-0600 (Central Standard Time)
gHIwncUZcO,,null,Wed Jun 22 2016 23:12:53 GMT-0500 (Central Daylight Time),,Name,,French,Wed Jun 22 2016 23:12:53 GMT-0500 (Central Daylight Time)
gToKy3iDOL,,null,Mon Jan 25 2016 21:15:14 GMT-0600 (Central Standard Time),,Peters,,Justin,Mon Jan 25 2016 21:15:14 GMT-0600 (Central Standard Time)
goSgpc30T5,,null,Wed Aug 05 2015 02:41:19 GMT-0500 (Central Daylight Time),,Schepers,,Dylan,Wed Aug 05 2015 02:40:50 GMT-0500 (Central Daylight Time)
gtVOlncQQC,,null,Tue Jun 06 2017 12:24:38 GMT-0500 (Central Daylight Time),,Marassa,,Alyssa,Tue Jun 06 2017 12:24:38 GMT-0500 (Central Daylight Time)
gtkL2UiOhK,,null,Sat Jan 09 2016 17:33:21 GMT-0600 (Central Standard Time),,Slusser,,Kevin,Sat Jan 09 2016 17:33:21 GMT-0600 (Central Standard Time)
gvhFRIH7Qs,,null,Fri Feb 16 2018 08:41:39 GMT-0600 (Central Standard Time),,Reed,,Andrew,Fri Feb 16 2018 08:41:39 GMT-0600 (Central Standard Time)
gyktNOwSNS,,null,Sat Jan 09 2016 07:39:14 GMT-0600 (Central Standard Time),,Payne,,Olivia,Sat Jan 09 2016 07:39:14 GMT-0600 (Central Standard Time)
h173GsOui4,,null,Fri Feb 16 2018 08:42:26 GMT-0600 (Central Standard Time),,Yaden,,Stuart,Fri Feb 16 2018 08:42:26 GMT-0600 (Central Standard Time)
h17hmYQGiz,,null,Sat May 09 2020 12:57:21 GMT-0500 (Central Daylight Time),,Quincy,,Ian,Sat May 09 2020 12:57:21 GMT-0500 (Central Daylight Time)
h5TB6Wz2AS,,null,Mon Jan 25 2016 21:16:25 GMT-0600 (Central Standard Time),,Townsend,,James,Mon Jan 25 2016 21:16:25 GMT-0600 (Central Standard Time)
h8Jr8xhx7T,,null,Mon Dec 21 2015 15:58:22 GMT-0600 (Central Standard Time),,Schmidt,,Abby,Mon Dec 21 2015 15:58:22 GMT-0600 (Central Standard Time)
h8ckLhTQev,,null,Fri Dec 04 2015 03:07:51 GMT-0600 (Central Standard Time),,Huycke,,Ellen,Fri Dec 04 2015 03:07:51 GMT-0600 (Central Standard Time)
hAM7ngJmlm,,null,Wed Dec 09 2015 17:52:31 GMT-0600 (Central Standard Time),,Packard,,Krystina,Wed Dec 09 2015 17:52:31 GMT-0600 (Central Standard Time)
hASRSUlxCL,,null,Fri Jan 01 2016 16:38:06 GMT-0600 (Central Standard Time),,Crawford,,Morgan,Fri Jan 01 2016 16:38:06 GMT-0600 (Central Standard Time)
hOWNm6HyjL,,null,Tue Jun 06 2017 12:25:27 GMT-0500 (Central Daylight Time),,Hoffman,,Jeremy,Tue Jun 06 2017 12:25:27 GMT-0500 (Central Daylight Time)
hRzEthgimk,,null,Thu Feb 02 2017 10:47:28 GMT-0600 (Central Standard Time),,Hu,,Tiffany,Thu Feb 02 2017 10:47:28 GMT-0600 (Central Standard Time)
hSbo3Zypaf,,null,Sat Jan 09 2016 17:33:02 GMT-0600 (Central Standard Time),,Panno,,Garrett,Sat Jan 09 2016 17:33:02 GMT-0600 (Central Standard Time)
hX7lcAIAdE,,null,Fri Feb 16 2018 08:41:49 GMT-0600 (Central Standard Time),,Wahlen,,Kat,Fri Feb 16 2018 08:41:49 GMT-0600 (Central Standard Time)
hXJ7KZC4h6,,null,Sun Oct 11 2015 08:39:16 GMT-0500 (Central Daylight Time),,Doherty,,Alex,Sun Oct 11 2015 08:38:21 GMT-0500 (Central Daylight Time)
hXx3Zt5lKv,,null,Fri Dec 04 2015 00:11:48 GMT-0600 (Central Standard Time),,Osborn,,Jack,Fri Dec 04 2015 00:11:48 GMT-0600 (Central Standard Time)
hdRmwtjIRD,,null,Sun Jan 24 2016 19:00:58 GMT-0600 (Central Standard Time),,Huntington,,Matthew,Sun Jan 24 2016 19:00:58 GMT-0600 (Central Standard Time)
hdW2UolblP,,null,Mon Oct 10 2016 10:17:06 GMT-0500 (Central Daylight Time),,Moran,,Isabel,Mon Oct 10 2016 10:17:06 GMT-0500 (Central Daylight Time)
hiudcFvkfg,,null,Fri Aug 05 2016 22:49:42 GMT-0500 (Central Daylight Time),,Australia,,Test,Fri Aug 05 2016 22:49:42 GMT-0500 (Central Daylight Time)
hmnyLssGyX,,null,Wed Dec 09 2015 17:52:31 GMT-0600 (Central Standard Time),,Walsh,,Sarah,Wed Dec 09 2015 17:52:31 GMT-0600 (Central Standard Time)
hrgUJmF7lO,,null,Sat May 02 2020 13:20:17 GMT-0500 (Central Daylight Time),,Zoner,,Nick,Sat May 02 2020 13:20:17 GMT-0500 (Central Daylight Time)
i7NlJqFc3N,,null,Sat Jan 09 2016 07:38:20 GMT-0600 (Central Standard Time),,Panda,,Matty,Sat Jan 09 2016 07:38:20 GMT-0600 (Central Standard Time)
i97iYhgznd,,null,Thu Aug 06 2020 08:47:00 GMT-0500 (Central Daylight Time),,Senior,,Sam,Thu Aug 06 2020 08:47:00 GMT-0500 (Central Daylight Time)
iDS68N8cRE,,null,Sat Jan 09 2016 17:43:31 GMT-0600 (Central Standard Time),,DePastino,,Ellie,Sat Jan 09 2016 17:43:31 GMT-0600 (Central Standard Time)
iG2u8TDBH1,,null,Mon Feb 18 2019 20:42:43 GMT-0600 (Central Standard Time),,Eaton,,Hope,Mon Feb 18 2019 20:42:43 GMT-0600 (Central Standard Time)
iMlYJcVFIu,,null,Fri Dec 04 2015 03:08:03 GMT-0600 (Central Standard Time),,Volders,,Nicolas,Fri Dec 04 2015 03:08:03 GMT-0600 (Central Standard Time)
ib3I1F31VE,,null,Thu Aug 06 2020 08:09:19 GMT-0500 (Central Daylight Time),,Brown,,Phil,Thu Aug 06 2020 08:09:19 GMT-0500 (Central Daylight Time)
iknCbKX3eQ,,null,Fri Jan 01 2016 16:38:47 GMT-0600 (Central Standard Time),,Kolb,,James,Fri Jan 01 2016 16:38:47 GMT-0600 (Central Standard Time)
ilMpGNL2NH,,null,Thu Nov 05 2015 09:09:21 GMT-0600 (Central Standard Time),,Gominiak,,Solomon,Thu Nov 05 2015 09:09:21 GMT-0600 (Central Standard Time)
io4tRdVxe0,,null,Fri Dec 04 2015 20:09:55 GMT-0600 (Central Standard Time),,Richards,,Colin,Fri Dec 04 2015 20:09:55 GMT-0600 (Central Standard Time)
ioMIATmjhC,,null,Sun Oct 11 2015 08:39:28 GMT-0500 (Central Daylight Time),,Yuan,,Daniel,Sun Oct 11 2015 08:38:21 GMT-0500 (Central Daylight Time)
ioaZYKUwLQ,,null,Sat May 09 2020 12:57:32 GMT-0500 (Central Daylight Time),,Ruffin,,Hunter,Sat May 09 2020 12:57:32 GMT-0500 (Central Daylight Time)
jDkwCcjm97,,null,Thu Nov 05 2015 09:09:07 GMT-0600 (Central Standard Time),,Giarrosso,,Alyssa,Thu Nov 05 2015 09:09:07 GMT-0600 (Central Standard Time)
jGguHSBelz,,null,Wed Nov 09 2016 11:57:34 GMT-0600 (Central Standard Time),,Maekawa,,Nathaniel,Wed Nov 09 2016 11:57:34 GMT-0600 (Central Standard Time)
jM2qgJSTCq,,null,Fri Feb 16 2018 08:42:02 GMT-0600 (Central Standard Time),,Kao,,Luke,Fri Feb 16 2018 08:42:02 GMT-0600 (Central Standard Time)
jNlB9oft4Q,,null,Mon Feb 18 2019 20:41:14 GMT-0600 (Central Standard Time),,Gregoire,,Mathieu,Mon Feb 18 2019 20:41:14 GMT-0600 (Central Standard Time)
jSs5f6ERKu,,null,Wed May 20 2020 07:42:18 GMT-0500 (Central Daylight Time),,Usis,,Micah,Wed May 20 2020 07:42:18 GMT-0500 (Central Daylight Time)
jX2A3dwye7,,null,Fri Dec 04 2015 03:12:56 GMT-0600 (Central Standard Time),,Goswell,,David,Fri Dec 04 2015 03:12:56 GMT-0600 (Central Standard Time)
jYcSi1ExDT,,null,Fri Jan 01 2016 16:39:37 GMT-0600 (Central Standard Time),,Patterson,,Emily,Fri Jan 01 2016 16:39:37 GMT-0600 (Central Standard Time)
jcO5d1boYl,,null,Mon Dec 21 2015 15:56:07 GMT-0600 (Central Standard Time),,Hatfield,,Mitchell,Mon Dec 21 2015 15:56:07 GMT-0600 (Central Standard Time)
jgx4rBj8Er,,null,Fri Feb 16 2018 08:51:58 GMT-0600 (Central Standard Time),,Semsey,,Brian,Fri Feb 16 2018 08:51:58 GMT-0600 (Central Standard Time)
jr0uUuLTYG,,null,Thu Jun 23 2016 13:11:22 GMT-0500 (Central Daylight Time),,McTesterson,,Tester,Thu Jun 23 2016 13:11:22 GMT-0500 (Central Daylight Time)
jrcKF2LkWp,,null,Fri Feb 16 2018 08:52:21 GMT-0600 (Central Standard Time),,Federico,,Liam,Fri Feb 16 2018 08:52:21 GMT-0600 (Central Standard Time)
jtBUAZcoR2,,null,Thu Feb 02 2017 10:47:42 GMT-0600 (Central Standard Time),,Gillespie,,B,Thu Feb 02 2017 10:47:42 GMT-0600 (Central Standard Time)
jtCdq2EWML,,null,Tue Nov 08 2016 18:54:25 GMT-0600 (Central Standard Time),,Exkorn,,Jake,Mon Oct 10 2016 10:15:23 GMT-0500 (Central Daylight Time)
jxbCwUADdX,,null,Mon Jan 25 2016 21:13:52 GMT-0600 (Central Standard Time),,Johnson,,Domanique,Mon Jan 25 2016 21:13:52 GMT-0600 (Central Standard Time)
k445afH3xC,,null,Mon Feb 13 2017 13:15:00 GMT-0600 (Central Standard Time),,Kishore,,AJ,Mon Feb 13 2017 13:15:00 GMT-0600 (Central Standard Time)
kHE3uRdOW9,,null,Fri Dec 04 2015 00:15:17 GMT-0600 (Central Standard Time),,Schappell,,Jade,Fri Dec 04 2015 00:15:17 GMT-0600 (Central Standard Time)
kJ1rk0IS0l,,null,Wed Jan 06 2016 19:59:13 GMT-0600 (Central Standard Time),,Casler,,Robert,Wed Jan 06 2016 19:59:13 GMT-0600 (Central Standard Time)
kJlU8DWCZz,,null,Thu Aug 06 2020 08:49:14 GMT-0500 (Central Daylight Time),,Whiting,,Georgie,Thu Aug 06 2020 08:49:14 GMT-0500 (Central Daylight Time)
kJzWiJlp3v,,null,Sun Oct 11 2015 16:36:35 GMT-0500 (Central Daylight Time),,Huddleston,,Bobby,Sun Oct 11 2015 16:36:26 GMT-0500 (Central Daylight Time)
kPQdWMgXXA,,null,Wed Jul 21 2021 18:04:21 GMT-0500 (Central Daylight Time),,Johnson,,Josh,Wed Jul 21 2021 18:04:21 GMT-0500 (Central Daylight Time)
kVgXwGPS1I,,null,Mon Dec 21 2015 22:46:08 GMT-0600 (Central Standard Time),,Iadevaia,,Mike,Mon Dec 21 2015 22:46:08 GMT-0600 (Central Standard Time)
kaB53IIkcF,,null,Thu Aug 06 2020 08:06:42 GMT-0500 (Central Daylight Time),,Clark-Dixon,,James,Thu Aug 06 2020 08:06:42 GMT-0500 (Central Daylight Time)
kfvNmbHjTI,,null,Mon Oct 10 2016 10:15:49 GMT-0500 (Central Daylight Time),,Obear,,Ryan,Mon Oct 10 2016 10:15:49 GMT-0500 (Central Daylight Time)
klTWvrRFMX,,null,Sat Jan 09 2016 18:40:29 GMT-0600 (Central Standard Time),,Gunning,,Toli,Sat Jan 09 2016 18:40:29 GMT-0600 (Central Standard Time)
kxNtvQBd9C,,null,Sun Feb 07 2016 14:07:52 GMT-0600 (Central Standard Time),,Greenhouse,,Harry,Sun Feb 07 2016 14:07:52 GMT-0600 (Central Standard Time)
l7qrDDzKZN,,null,Sun Feb 07 2016 14:08:48 GMT-0600 (Central Standard Time),,Murphy,,C.,Sun Feb 07 2016 14:08:48 GMT-0600 (Central Standard Time)
lEz5oyDdgZ,,null,Sat Jan 09 2016 17:42:14 GMT-0600 (Central Standard Time),,LeCompte,,Chris,Sat Jan 09 2016 17:42:14 GMT-0600 (Central Standard Time)
lFpA2o0RPN,,null,Sun Oct 11 2015 08:39:17 GMT-0500 (Central Daylight Time),,Danaher,,Kailey,Sun Oct 11 2015 08:38:21 GMT-0500 (Central Daylight Time)
lYGunCSSpp,,null,Mon Dec 21 2015 16:02:59 GMT-0600 (Central Standard Time),,Suen,,Bryson,Mon Dec 21 2015 16:02:59 GMT-0600 (Central Standard Time)
lcid2PCUCd,,null,Sun Apr 10 2016 10:10:04 GMT-0500 (Central Daylight Time),,Cardenas,,Kevin,Sun Apr 10 2016 10:10:04 GMT-0500 (Central Daylight Time)
lg8Uf0wXvs,,null,Sun Oct 11 2015 08:39:28 GMT-0500 (Central Daylight Time),,Rivera,,Jose,Sun Oct 11 2015 08:38:21 GMT-0500 (Central Daylight Time)
lja70oE9Hd,,null,Sun Feb 28 2016 12:43:52 GMT-0600 (Central Standard Time),,Vest,,Briella,Sun Feb 28 2016 12:43:52 GMT-0600 (Central Standard Time)
ljkUbGB1Tp,,null,Sat May 09 2020 12:56:44 GMT-0500 (Central Daylight Time),,Martinez,,Juan,Sat May 09 2020 12:56:44 GMT-0500 (Central Daylight Time)
lmRl9DuW0c,,null,Wed Dec 09 2015 17:52:31 GMT-0600 (Central Standard Time),,Richert,,Jim,Wed Dec 09 2015 17:52:31 GMT-0600 (Central Standard Time)
lnNVPhfE9P,,null,Wed Dec 09 2015 17:52:31 GMT-0600 (Central Standard Time),,Brown,,Matthew,Wed Dec 09 2015 17:52:31 GMT-0600 (Central Standard Time)
m3sRG3tBFi,,null,Wed Aug 05 2015 02:40:26 GMT-0500 (Central Daylight Time),,Atassi,,Malek,Wed Aug 05 2015 02:38:50 GMT-0500 (Central Daylight Time)
mD3XIe9z9c,,null,Wed Dec 09 2015 17:52:31 GMT-0600 (Central Standard Time),,Banaszak,,Jessica,Wed Dec 09 2015 17:52:31 GMT-0600 (Central Standard Time)
mIqPpWYzeE,,null,Thu Feb 02 2017 10:44:06 GMT-0600 (Central Standard Time),,Whitemarsh,,E,Thu Feb 02 2017 10:44:06 GMT-0600 (Central Standard Time)
mJVG6mNBaZ,,null,Sun Oct 11 2015 08:39:30 GMT-0500 (Central Daylight Time),,Mazanka,,Katarina,Sun Oct 11 2015 08:38:21 GMT-0500 (Central Daylight Time)
mTtISHsDS8,,null,Mon Jan 25 2016 21:07:19 GMT-0600 (Central Standard Time),,Greco,,Billy,Mon Jan 25 2016 21:07:19 GMT-0600 (Central Standard Time)
mU9c3SUI2O,,null,Fri Aug 05 2016 00:17:12 GMT-0500 (Central Daylight Time),,Arends,,Simon,Fri Aug 05 2016 00:17:12 GMT-0500 (Central Daylight Time)
mWvLdSYmOE,,null,Sat May 02 2020 13:19:20 GMT-0500 (Central Daylight Time),,McGarghan,,Finn,Sat May 02 2020 13:19:20 GMT-0500 (Central Daylight Time)
mli5chzk4x,,null,Sun Nov 05 2017 00:23:20 GMT-0500 (Central Daylight Time),,Foley,,Austin,Sun Nov 05 2017 00:23:20 GMT-0500 (Central Daylight Time)
mqilFTJ6Aa,,null,Wed Dec 09 2015 17:52:31 GMT-0600 (Central Standard Time),,Klarr,,Daniel,Wed Dec 09 2015 17:52:31 GMT-0600 (Central Standard Time)
mrDNadRX7B,,null,Sun Feb 07 2016 14:08:42 GMT-0600 (Central Standard Time),,Mulcahy,,B.,Sun Feb 07 2016 14:08:42 GMT-0600 (Central Standard Time)
mrNtl0DtIC,,null,Wed Aug 05 2015 02:43:18 GMT-0500 (Central Daylight Time),,Wasser,,Eric,Wed Aug 05 2015 02:42:51 GMT-0500 (Central Daylight Time)
mt5aaH7TTS,,null,Mon Feb 18 2019 20:40:57 GMT-0600 (Central Standard Time),,Bollweg,,Jenna,Mon Feb 18 2019 20:40:57 GMT-0600 (Central Standard Time)
mumdD5dmY3,,null,Fri Feb 16 2018 08:42:40 GMT-0600 (Central Standard Time),,Merton,,Avery,Fri Feb 16 2018 08:42:40 GMT-0600 (Central Standard Time)
n3NM0Ty4CQ,,null,Mon Jan 25 2016 21:13:02 GMT-0600 (Central Standard Time),,Derrick,,Cameron,Mon Jan 25 2016 21:13:02 GMT-0600 (Central Standard Time)
n9OJmpX64L,,null,Fri Feb 16 2018 08:41:08 GMT-0600 (Central Standard Time),,Flaherty,,Hannah,Fri Feb 16 2018 08:41:08 GMT-0600 (Central Standard Time)
nBwu0mCFk9,,null,Fri Jan 01 2016 16:39:06 GMT-0600 (Central Standard Time),,Lauhon,,Nicole,Fri Jan 01 2016 16:39:06 GMT-0600 (Central Standard Time)
nGFUao1T28,,null,Mon Jan 25 2016 21:13:11 GMT-0600 (Central Standard Time),,Duenas,,Mayra,Mon Jan 25 2016 21:13:11 GMT-0600 (Central Standard Time)
nIhCUmsqPY,,null,Fri Jan 01 2016 16:39:14 GMT-0600 (Central Standard Time),,Leighton,,Zach,Fri Jan 01 2016 16:39:14 GMT-0600 (Central Standard Time)
nOHYrBZDw9,,null,Sat May 02 2020 13:16:49 GMT-0500 (Central Daylight Time),,Collier,,Keiran,Sat May 02 2020 13:16:49 GMT-0500 (Central Daylight Time)
nR4nqzBlr9,,null,Sat Jan 09 2016 17:29:00 GMT-0600 (Central Standard Time),,Angel,,Matthew,Sat Jan 09 2016 17:29:00 GMT-0600 (Central Standard Time)
nqYyqafJKp,,null,Fri Dec 04 2015 03:13:46 GMT-0600 (Central Standard Time),,Carpenter,,Alex,Fri Dec 04 2015 03:13:46 GMT-0600 (Central Standard Time)
ntVoreAxUn,,null,Fri Dec 04 2015 00:10:59 GMT-0600 (Central Standard Time),,Applebee,,Hayden,Fri Dec 04 2015 00:10:59 GMT-0600 (Central Standard Time)
nyHpJrW1Kc,,null,Fri Feb 16 2018 08:52:09 GMT-0600 (Central Standard Time),,Dannecker,,Anna,Fri Feb 16 2018 08:52:09 GMT-0600 (Central Standard Time)
o7IxZwnJjo,,null,Sat May 02 2020 13:17:03 GMT-0500 (Central Daylight Time),,Curran,,Tara,Sat May 02 2020 13:17:03 GMT-0500 (Central Daylight Time)
oDiylfxaCV,,null,Thu Feb 02 2017 10:46:48 GMT-0600 (Central Standard Time),,Mitchell,,Alex,Thu Feb 02 2017 10:46:48 GMT-0600 (Central Standard Time)
oDt8p4zp3c,,null,Thu Aug 06 2020 08:48:33 GMT-0500 (Central Daylight Time),,Zaple,,Graeme,Thu Aug 06 2020 08:48:33 GMT-0500 (Central Daylight Time)
oEIAB1Ms1V,,null,Fri Dec 04 2015 01:27:39 GMT-0600 (Central Standard Time),,Cleary,,Ryan,Fri Dec 04 2015 01:27:39 GMT-0600 (Central Standard Time)
ocFwmFamq5,,null,Fri Dec 04 2015 03:12:23 GMT-0600 (Central Standard Time),,Heynes,,Tom,Fri Dec 04 2015 03:12:23 GMT-0600 (Central Standard Time)
odQ9Kj5NVq,,null,Mon Jan 25 2016 21:12:27 GMT-0600 (Central Standard Time),,Amigh,,Mandi,Mon Jan 25 2016 21:12:27 GMT-0600 (Central Standard Time)
or3mxMVCvL,,null,Sun Jan 24 2016 19:03:25 GMT-0600 (Central Standard Time),,Tardif,,Janelle,Sun Jan 24 2016 19:03:25 GMT-0600 (Central Standard Time)
otf8pLKLQ0,,null,Sun Jan 24 2016 19:03:08 GMT-0600 (Central Standard Time),,Simons,,Abbie,Sun Jan 24 2016 19:03:08 GMT-0600 (Central Standard Time)
oyxwTIIXQd,,null,Fri Jan 01 2016 13:20:45 GMT-0600 (Central Standard Time),,Eeckhout,,Faust,Fri Jan 01 2016 13:20:45 GMT-0600 (Central Standard Time)
p21ZyfS16B,,null,Wed Aug 05 2015 02:40:22 GMT-0500 (Central Daylight Time),,Batzer,,Evan,Wed Aug 05 2015 02:38:49 GMT-0500 (Central Daylight Time)
pB3C4ecGkj,,null,Sun Feb 28 2016 12:44:43 GMT-0600 (Central Standard Time),,Hamza,,Khalid,Sun Feb 28 2016 12:44:43 GMT-0600 (Central Standard Time)
pDoDJH9qyE,,null,Sun Jan 24 2016 19:02:54 GMT-0600 (Central Standard Time),,Parent,,Morgan,Sun Jan 24 2016 19:02:54 GMT-0600 (Central Standard Time)
pGlzTAVnpA,,null,Fri Feb 16 2018 08:41:23 GMT-0600 (Central Standard Time),,Gluckman,,Hannah,Fri Feb 16 2018 08:41:23 GMT-0600 (Central Standard Time)
pIiaQ04Wye,,null,Mon Dec 21 2015 22:43:47 GMT-0600 (Central Standard Time),,Brekus,,Drew,Mon Dec 21 2015 22:43:47 GMT-0600 (Central Standard Time)
pPsyr6tcke,,null,Thu Feb 02 2017 10:43:34 GMT-0600 (Central Standard Time),,Barnard,,Chris,Thu Feb 02 2017 10:43:34 GMT-0600 (Central Standard Time)
pQgEPks7gQ,,null,Mon Jan 25 2016 21:12:48 GMT-0600 (Central Standard Time),,Callner,,Samuel,Mon Jan 25 2016 21:12:48 GMT-0600 (Central Standard Time)
pbTGgMlYmM,,null,Mon Dec 21 2015 16:02:09 GMT-0600 (Central Standard Time),,Ramsey,,Alexander,Mon Dec 21 2015 16:02:09 GMT-0600 (Central Standard Time)
pmUbGLFWhH,,null,Fri Jan 01 2016 16:38:13 GMT-0600 (Central Standard Time),,Ely,,Katie,Fri Jan 01 2016 16:38:13 GMT-0600 (Central Standard Time)
pqyTXagMH7,,null,Sat Jan 09 2016 07:38:13 GMT-0600 (Central Standard Time),,Whiteley,,Abby,Sat Jan 09 2016 07:38:13 GMT-0600 (Central Standard Time)
pyBS3o1A9e,,null,Fri Dec 04 2015 03:07:03 GMT-0600 (Central Standard Time),,Faniel,,Corentin,Fri Dec 04 2015 03:07:03 GMT-0600 (Central Standard Time)
pyWjoO5Ygw,,null,Mon Dec 21 2015 22:43:36 GMT-0600 (Central Standard Time),,O'Mara,,Colleen,Mon Dec 21 2015 22:43:36 GMT-0600 (Central Standard Time)
q9N175q8VS,,null,Wed Aug 05 2015 02:41:51 GMT-0500 (Central Daylight Time),,Witt,,Meredith,Wed Aug 05 2015 02:40:47 GMT-0500 (Central Daylight Time)
qOY7iucJzn,,null,Wed Dec 09 2015 17:52:31 GMT-0600 (Central Standard Time),,Gallmeier,,Nick,Wed Dec 09 2015 17:52:31 GMT-0600 (Central Standard Time)
qPR6ASM4q8,,null,Wed Dec 09 2015 17:52:31 GMT-0600 (Central Standard Time),,Hoopingarner,,Ian,Wed Dec 09 2015 17:52:31 GMT-0600 (Central Standard Time)
qQCvUkYUDI,,null,Sun Oct 11 2015 08:39:26 GMT-0500 (Central Daylight Time),,Rogers,,Alex,Sun Oct 11 2015 08:38:21 GMT-0500 (Central Daylight Time)
qRDxf8yxSH,,null,Mon Feb 18 2019 22:24:57 GMT-0600 (Central Standard Time),,Acosta,,Tess,Mon Feb 18 2019 22:24:57 GMT-0600 (Central Standard Time)
qRwW208UJw,,null,Tue Jun 06 2017 12:25:17 GMT-0500 (Central Daylight Time),,Yeager,,Luke,Tue Jun 06 2017 12:25:17 GMT-0500 (Central Daylight Time)
qSK2BXeAGt,,null,Thu Feb 02 2017 10:43:45 GMT-0600 (Central Standard Time),,Dew,,Lyle,Thu Feb 02 2017 10:43:45 GMT-0600 (Central Standard Time)
qYoPRC8l59,,null,Wed Dec 09 2015 17:52:31 GMT-0600 (Central Standard Time),,Hoops,,David,Wed Dec 09 2015 17:52:31 GMT-0600 (Central Standard Time)
qYsQZMJym1,,null,Fri Dec 04 2015 00:12:15 GMT-0600 (Central Standard Time),,Shankles,,Alex,Fri Dec 04 2015 00:12:15 GMT-0600 (Central Standard Time)
qc6ai8jscJ,,null,Mon Dec 21 2015 16:01:54 GMT-0600 (Central Standard Time),,Ronhaar,,Jake,Mon Dec 21 2015 16:01:54 GMT-0600 (Central Standard Time)
qfOVFUW4gU,,null,Sun Oct 11 2015 08:39:25 GMT-0500 (Central Daylight Time),,Costello,,Sarah,Sun Oct 11 2015 08:38:21 GMT-0500 (Central Daylight Time)
qlEtv4IVa8,,null,Wed Dec 09 2015 17:52:31 GMT-0600 (Central Standard Time),,Milligan,,Katie,Wed Dec 09 2015 17:52:31 GMT-0600 (Central Standard Time)
qv6s8AvtWb,,null,Fri Feb 16 2018 08:42:31 GMT-0600 (Central Standard Time),,Mullins,,Tessa,Fri Feb 16 2018 08:42:31 GMT-0600 (Central Standard Time)
r0S1KNgpQA,,null,Wed Dec 09 2015 17:52:31 GMT-0600 (Central Standard Time),,Kuhn,,Kendall,Wed Dec 09 2015 17:52:31 GMT-0600 (Central Standard Time)
r0Z63P1ZtU,,null,Mon Nov 09 2015 13:43:15 GMT-0600 (Central Standard Time),,Wong,,Darin,Mon Nov 09 2015 13:43:15 GMT-0600 (Central Standard Time)
rKrIfcsOW1,,null,Thu Aug 06 2020 08:50:28 GMT-0500 (Central Daylight Time),,Owesly,,E,Thu Aug 06 2020 08:50:28 GMT-0500 (Central Daylight Time)
rLuvcJEl7W,,null,Thu Aug 06 2020 08:47:58 GMT-0500 (Central Daylight Time),,McClenaghan,,Harry,Thu Aug 06 2020 08:47:58 GMT-0500 (Central Daylight Time)
rNftxUngJs,,null,Wed Dec 09 2015 17:52:31 GMT-0600 (Central Standard Time),,Votaw,,Anthony,Wed Dec 09 2015 17:52:31 GMT-0600 (Central Standard Time)
rQw1axwn13,,null,Wed Dec 09 2015 17:52:31 GMT-0600 (Central Standard Time),,Alejo,,Alex,Wed Dec 09 2015 17:52:31 GMT-0600 (Central Standard Time)
rSajAJDeuJ,,null,Wed Aug 05 2015 02:40:29 GMT-0500 (Central Daylight Time),,Morgan,,Robert,Wed Aug 05 2015 02:38:52 GMT-0500 (Central Daylight Time)
rZruyK95DH,,null,Sat Jan 09 2016 17:34:10 GMT-0600 (Central Standard Time),,Van Scoy,,Christian,Sat Jan 09 2016 17:34:10 GMT-0600 (Central Standard Time)
rcvwHH8dXo,,null,Wed May 20 2020 07:42:00 GMT-0500 (Central Daylight Time),,Potter,,Molly,Wed May 20 2020 07:42:00 GMT-0500 (Central Daylight Time)
rmy6Rl2Vh6,,null,Sat May 02 2020 13:16:43 GMT-0500 (Central Daylight Time),,Cole,,Justin,Sat May 02 2020 13:16:43 GMT-0500 (Central Daylight Time)
rqUtJxrM7K,,null,Sun Nov 05 2017 00:24:06 GMT-0500 (Central Daylight Time),,Martin,,Rachel,Sun Nov 05 2017 00:24:06 GMT-0500 (Central Daylight Time)
rr0q65EEwV,,null,Wed May 20 2020 07:39:25 GMT-0500 (Central Daylight Time),,Ayella-Silver,,Rachel,Wed May 20 2020 07:39:25 GMT-0500 (Central Daylight Time)
rrUJVMmTtc,,null,Wed Dec 09 2015 17:52:31 GMT-0600 (Central Standard Time),,Quasarano,,KT,Wed Dec 09 2015 17:52:31 GMT-0600 (Central Standard Time)
rvfbOzrUMt,,null,Wed Dec 09 2015 17:52:31 GMT-0600 (Central Standard Time),,Giles,,Graham,Wed Dec 09 2015 17:52:31 GMT-0600 (Central Standard Time)
s0BF3yzyEF,,null,Fri Jan 01 2016 16:38:41 GMT-0600 (Central Standard Time),,Kniffen,,Cameron,Fri Jan 01 2016 16:38:41 GMT-0600 (Central Standard Time)
s0vwgTl2jx,,null,Sun Feb 28 2016 12:43:19 GMT-0600 (Central Standard Time),,Davis,,Ryan,Sun Feb 28 2016 12:43:19 GMT-0600 (Central Standard Time)
s3NbCGQfAL,,null,Wed Dec 09 2015 17:52:31 GMT-0600 (Central Standard Time),,Rohrer,,Eugene,Wed Dec 09 2015 17:52:31 GMT-0600 (Central Standard Time)
sDfbmA4Ttc,,null,Fri Dec 04 2015 03:13:56 GMT-0600 (Central Standard Time),,Faux-Nightingale,,Alice,Fri Dec 04 2015 03:13:56 GMT-0600 (Central Standard Time)
sDreAGNVIF,,null,Mon Feb 18 2019 20:42:00 GMT-0600 (Central Standard Time),,Langlinais,,Luke,Mon Feb 18 2019 20:42:00 GMT-0600 (Central Standard Time)
sTfp1xVTJ6,,null,Wed Aug 05 2015 02:40:16 GMT-0500 (Central Daylight Time),,Barton,,Andy,Wed Aug 05 2015 02:38:47 GMT-0500 (Central Daylight Time)
sUTzyAdtFA,,null,Mon Oct 10 2016 10:17:21 GMT-0500 (Central Daylight Time),,Choi,,Justin,Mon Oct 10 2016 10:17:21 GMT-0500 (Central Daylight Time)
sXsQojMcQf,,null,Wed Dec 09 2015 17:52:31 GMT-0600 (Central Standard Time),,March,,Toby,Wed Dec 09 2015 17:52:31 GMT-0600 (Central Standard Time)
sZZvHE2pjX,,null,Fri Feb 16 2018 08:51:16 GMT-0600 (Central Standard Time),,Cabrera,,Jose,Fri Feb 16 2018 08:51:16 GMT-0600 (Central Standard Time)
sf5YrnBONq,,null,Mon Dec 21 2015 22:44:46 GMT-0600 (Central Standard Time),,Donnelly,,Kerri,Mon Dec 21 2015 22:44:46 GMT-0600 (Central Standard Time)
sjkMDdTh6h,,null,Wed May 20 2020 07:41:17 GMT-0500 (Central Daylight Time),,Li,,Michael,Wed May 20 2020 07:41:17 GMT-0500 (Central Daylight Time)
srV4eiUPnT,,null,Sat May 09 2020 12:55:40 GMT-0500 (Central Daylight Time),,Frey,,Audrey,Sat May 09 2020 12:55:40 GMT-0500 (Central Daylight Time)
t9xkpjzvNV,,null,Fri Dec 04 2015 03:14:03 GMT-0600 (Central Standard Time),,Orridge,,Bill,Fri Dec 04 2015 03:14:03 GMT-0600 (Central Standard Time)
tEZLvfc3Yj,,null,Sun Oct 11 2015 08:39:35 GMT-0500 (Central Daylight Time),,Cochrane,,Kyle,Sun Oct 11 2015 08:38:21 GMT-0500 (Central Daylight Time)
tHDnLa5G3w,,null,Sun Jan 24 2016 19:02:06 GMT-0600 (Central Standard Time),,Morgan,,Jensen,Sun Jan 24 2016 19:02:06 GMT-0600 (Central Standard Time)
tJLDiEgHch,,null,Fri Dec 04 2015 00:15:48 GMT-0600 (Central Standard Time),,Grammar,,Kirsten,Fri Dec 04 2015 00:15:48 GMT-0600 (Central Standard Time)
tPfqlPk2Px,,null,Sun Apr 10 2016 10:12:46 GMT-0500 (Central Daylight Time),,Snell,,Elizabeth,Sun Apr 10 2016 10:12:46 GMT-0500 (Central Daylight Time)
titeRGhaoB,,null,Sun Oct 11 2015 08:39:16 GMT-0500 (Central Daylight Time),,Soreide,,Erik,Sun Oct 11 2015 08:38:21 GMT-0500 (Central Daylight Time)
tjS65TfQAY,,null,Fri Jul 08 2016 17:13:41 GMT-0500 (Central Daylight Time),,Test,,Turkey,Fri Jul 08 2016 17:13:41 GMT-0500 (Central Daylight Time)
tlDz19KFvD,,null,Mon Feb 18 2019 20:43:17 GMT-0600 (Central Standard Time),,Tracy,,Taylor,Mon Feb 18 2019 20:43:17 GMT-0600 (Central Standard Time)
trIGl5DVFO,,null,Sat Jan 09 2016 17:32:20 GMT-0600 (Central Standard Time),,Lang,,Cammy,Sat Jan 09 2016 17:32:20 GMT-0600 (Central Standard Time)
u2rxqsbPXq,,null,Mon Jan 25 2016 21:15:59 GMT-0600 (Central Standard Time),,Strickland,,Ian,Mon Jan 25 2016 21:15:59 GMT-0600 (Central Standard Time)
u4IPf2RMig,,null,Sun Feb 28 2016 12:42:50 GMT-0600 (Central Standard Time),,Acker,,David,Sun Feb 28 2016 12:42:50 GMT-0600 (Central Standard Time)
u6cHD4QC6W,,null,Thu Aug 06 2020 08:07:32 GMT-0500 (Central Daylight Time),,Benson,,Jennifer,Thu Aug 06 2020 08:07:32 GMT-0500 (Central Daylight Time)
uCYq55fMRi,,null,Fri Dec 04 2015 00:13:19 GMT-0600 (Central Standard Time),,Hupka,,Yuri,Fri Dec 04 2015 00:13:19 GMT-0600 (Central Standard Time)
uIQbM1Xo6O,,null,Wed Dec 30 2015 15:20:51 GMT-0600 (Central Standard Time),,Venckeleer,,Laurent,Wed Dec 30 2015 15:20:51 GMT-0600 (Central Standard Time)
uS3iy0sCGk,,null,Wed May 20 2020 07:40:08 GMT-0500 (Central Daylight Time),,Gan,,Michael,Wed May 20 2020 07:40:08 GMT-0500 (Central Daylight Time)
uUs1wVBq5O,,null,Thu Aug 06 2020 08:00:45 GMT-0500 (Central Daylight Time),,Birkitt,,Sam,Thu Aug 06 2020 08:00:45 GMT-0500 (Central Daylight Time)
uYtTXuFXKA,,null,Wed Dec 09 2015 17:52:31 GMT-0600 (Central Standard Time),,Pesch,,Matthew,Wed Dec 09 2015 17:52:31 GMT-0600 (Central Standard Time)
ua99vbHykC,,null,Wed Jan 06 2016 20:00:00 GMT-0600 (Central Standard Time),,Casler,,Robert,Wed Jan 06 2016 20:00:00 GMT-0600 (Central Standard Time)
uf1SXa7zeY,,null,Sat Jan 09 2016 18:40:47 GMT-0600 (Central Standard Time),,Kabdebo,,Brianna,Sat Jan 09 2016 18:40:47 GMT-0600 (Central Standard Time)
uqJFaGKG7G,,null,Sun Oct 11 2015 08:39:26 GMT-0500 (Central Daylight Time),,Yu,,Sophia,Sun Oct 11 2015 08:38:21 GMT-0500 (Central Daylight Time)
v34SZAlh8O,,null,Fri Dec 04 2015 20:10:05 GMT-0600 (Central Standard Time),,Siwek,,Jeff,Fri Dec 04 2015 20:10:05 GMT-0600 (Central Standard Time)
v44CZ35Ltj,,null,Thu Aug 06 2020 08:09:28 GMT-0500 (Central Daylight Time),,Van Zyl,,Reuben,Thu Aug 06 2020 08:09:28 GMT-0500 (Central Daylight Time)
v609tUEu57,,null,Sun Feb 07 2016 14:08:04 GMT-0600 (Central Standard Time),,Jeon,,Kyle,Sun Feb 07 2016 14:08:04 GMT-0600 (Central Standard Time)
v8irf5X2pC,,null,Sun Feb 21 2016 20:52:41 GMT-0600 (Central Standard Time),,Meeder,,Jeremy,Sun Feb 21 2016 20:52:41 GMT-0600 (Central Standard Time)
vEDRw339sa,,null,Sun Jan 24 2016 19:00:08 GMT-0600 (Central Standard Time),,Hernandez,,Jake,Sun Jan 24 2016 19:00:08 GMT-0600 (Central Standard Time)
vGKprmpFkS,,null,Thu Aug 06 2020 08:05:44 GMT-0500 (Central Daylight Time),,Birdsall,,Daniel,Thu Aug 06 2020 08:05:44 GMT-0500 (Central Daylight Time)
vK8du0pwDr,,null,Sun Feb 28 2016 12:42:58 GMT-0600 (Central Standard Time),,Duquette,,Michael,Sun Feb 28 2016 12:42:58 GMT-0600 (Central Standard Time)
vMyHUKu6AQ,,null,Mon Feb 18 2019 20:41:49 GMT-0600 (Central Standard Time),,Baldwin,,Jacob,Mon Feb 18 2019 20:41:49 GMT-0600 (Central Standard Time)
vPhV9jXeuV,,null,Mon Oct 10 2016 10:16:41 GMT-0500 (Central Daylight Time),,Thomas,,Tyler,Mon Oct 10 2016 10:16:41 GMT-0500 (Central Daylight Time)
vSRL4EpryJ,,null,Fri Dec 04 2015 03:13:14 GMT-0600 (Central Standard Time),,Gawne,,Robbie,Fri Dec 04 2015 03:13:14 GMT-0600 (Central Standard Time)
vYOuy746w5,,null,Mon Dec 21 2015 16:03:26 GMT-0600 (Central Standard Time),,Loy,,Tallis,Mon Dec 21 2015 16:03:26 GMT-0600 (Central Standard Time)
vcOV5NQJc9,,null,Fri Jan 01 2016 16:58:57 GMT-0600 (Central Standard Time),,Beyer,,Mackenzie,Fri Jan 01 2016 16:58:57 GMT-0600 (Central Standard Time)
vcyBAH0mMT,,null,Mon Feb 18 2019 20:42:10 GMT-0600 (Central Standard Time),,Villejo,,Austin,Mon Feb 18 2019 20:42:10 GMT-0600 (Central Standard Time)
vf2g5GyUAM,,null,Sun Feb 28 2016 12:44:37 GMT-0600 (Central Standard Time),,Castellano,,Joey,Sun Feb 28 2016 12:44:37 GMT-0600 (Central Standard Time)
viFwrCepMT,,null,Sun Oct 11 2015 08:39:16 GMT-0500 (Central Daylight Time),,Brewer,,Bobby,Sun Oct 11 2015 08:38:21 GMT-0500 (Central Daylight Time)
vrK5cnstnG,,null,Mon Nov 30 2015 17:00:21 GMT-0600 (Central Standard Time),,Kowshik,,Manoj,Mon Nov 30 2015 17:00:21 GMT-0600 (Central Standard Time)
vtK6JXIKC9,,null,Wed Dec 09 2015 17:52:31 GMT-0600 (Central Standard Time),,Wilber,,David,Wed Dec 09 2015 17:52:31 GMT-0600 (Central Standard Time)
vvbmdzIF3f,,null,Fri Dec 04 2015 01:28:14 GMT-0600 (Central Standard Time),,Whittington,,Kevin,Fri Dec 04 2015 01:28:14 GMT-0600 (Central Standard Time)
w6z4qw5geu,,null,Sun Nov 05 2017 00:24:34 GMT-0500 (Central Daylight Time),,Podolsky,,Nathan,Sun Nov 05 2017 00:24:34 GMT-0500 (Central Daylight Time)
w9nOcV4GhJ,,null,Sun Feb 28 2016 12:44:56 GMT-0600 (Central Standard Time),,Makanji,,Rajan,Sun Feb 28 2016 12:44:56 GMT-0600 (Central Standard Time)
wAAEtpExvY,,null,Mon Jan 25 2016 21:13:43 GMT-0600 (Central Standard Time),,Hildreth,,Quincy,Mon Jan 25 2016 21:13:43 GMT-0600 (Central Standard Time)
wBNlg0lrRT,,null,Fri Dec 04 2015 03:11:34 GMT-0600 (Central Standard Time),,Hull,,Andrew,Fri Dec 04 2015 03:11:34 GMT-0600 (Central Standard Time)
wDUKIoHUdM,,null,Fri Jan 01 2016 16:40:06 GMT-0600 (Central Standard Time),,Slater,,Jack,Fri Jan 01 2016 16:40:06 GMT-0600 (Central Standard Time)
wDizp9KKka,,null,Sun Feb 28 2016 12:44:49 GMT-0600 (Central Standard Time),,McBride,,Kylie,Sun Feb 28 2016 12:44:49 GMT-0600 (Central Standard Time)
wEl5uLFDca,,null,Wed Dec 30 2015 15:20:41 GMT-0600 (Central Standard Time),,Drabbé,,Mathilde,Wed Dec 30 2015 15:20:41 GMT-0600 (Central Standard Time)
wHXXofvoSI,,null,Sun Feb 28 2016 12:43:06 GMT-0600 (Central Standard Time),,Pace,,Hallie,Sun Feb 28 2016 12:43:06 GMT-0600 (Central Standard Time)
wpu4ksFD6S,,null,Wed Aug 05 2015 02:41:37 GMT-0500 (Central Daylight Time),,Mitchell,,Lucas,Wed Aug 05 2015 02:40:48 GMT-0500 (Central Daylight Time)
wqnju6H4kE,,null,Fri Dec 04 2015 00:17:09 GMT-0600 (Central Standard Time),,Lehrmann,,Paige,Fri Dec 04 2015 00:17:09 GMT-0600 (Central Standard Time)
x41TvKGl8q,,null,Mon Dec 21 2015 22:45:13 GMT-0600 (Central Standard Time),,Dillman,,Leeanne,Mon Dec 21 2015 22:45:13 GMT-0600 (Central Standard Time)
xEvey7LHCs,,null,Fri Aug 07 2015 01:49:52 GMT-0500 (Central Daylight Time),,Byl,,Andrea,Fri Aug 07 2015 01:49:43 GMT-0500 (Central Daylight Time)
xI7AVw59uB,,null,Fri Dec 04 2015 01:27:46 GMT-0600 (Central Standard Time),,Bick,,Natalie,Fri Dec 04 2015 01:27:46 GMT-0600 (Central Standard Time)
xP7TxiRr8l,,null,Thu Aug 06 2020 08:08:32 GMT-0500 (Central Daylight Time),,Castillo-Eito,,Laura,Thu Aug 06 2020 08:08:32 GMT-0500 (Central Daylight Time)
xVI94WMKUh,,null,Sat Jan 09 2016 18:41:38 GMT-0600 (Central Standard Time),,Tierney,,Charlotte,Sat Jan 09 2016 18:41:38 GMT-0600 (Central Standard Time)
xVV9EIanBl,,null,Sat May 09 2020 12:56:49 GMT-0500 (Central Daylight Time),,Mayo,,JC,Sat May 09 2020 12:56:49 GMT-0500 (Central Daylight Time)
xXzg8QIkMN,,null,Sun Oct 11 2015 08:39:30 GMT-0500 (Central Daylight Time),,Thieu,,Vincent,Sun Oct 11 2015 08:38:21 GMT-0500 (Central Daylight Time)
xeDwBcaQrs,,null,Wed Dec 09 2015 17:52:31 GMT-0600 (Central Standard Time),,Gallagher,,Mike,Wed Dec 09 2015 17:52:31 GMT-0600 (Central Standard Time)
xi1W8NtI99,,null,Sun Apr 10 2016 10:09:49 GMT-0500 (Central Daylight Time),,Blevins,,Kody,Sun Apr 10 2016 10:09:49 GMT-0500 (Central Daylight Time)
xlUCfBpymX,,null,Mon Dec 21 2015 22:46:18 GMT-0600 (Central Standard Time),,Hanley,,Missy,Mon Dec 21 2015 22:46:18 GMT-0600 (Central Standard Time)
xp7DYcpIjn,,null,Thu Dec 03 2015 18:08:48 GMT-0600 (Central Standard Time),,McGee,,Test,Thu Dec 03 2015 18:08:48 GMT-0600 (Central Standard Time)
xuOdipqavd,,null,Mon Dec 21 2015 22:47:13 GMT-0600 (Central Standard Time),,Crawford,,Taylor,Mon Dec 21 2015 22:47:13 GMT-0600 (Central Standard Time)
xzufVj92N0,,null,Sun Jan 24 2016 19:01:46 GMT-0600 (Central Standard Time),,Liou,,Nathan,Sun Jan 24 2016 19:01:46 GMT-0600 (Central Standard Time)
y29YHrKqpd,,null,Sat Jan 09 2016 18:40:38 GMT-0600 (Central Standard Time),,Ivy,,Laura,Sat Jan 09 2016 18:40:38 GMT-0600 (Central Standard Time)
yEgSipeeHP,,null,Thu Feb 02 2017 10:48:05 GMT-0600 (Central Standard Time),,Bryan,,A,Thu Feb 02 2017 10:48:05 GMT-0600 (Central Standard Time)
yIpPBCdaqx,,null,Wed Dec 09 2015 17:52:31 GMT-0600 (Central Standard Time),,Ollio,,Brandon,Wed Dec 09 2015 17:52:31 GMT-0600 (Central Standard Time)
yJNLpStfbI,,null,Sun Oct 11 2015 08:39:27 GMT-0500 (Central Daylight Time),,Kartes,,Landon,Sun Oct 11 2015 08:38:21 GMT-0500 (Central Daylight Time)
yKiUR4yvEq,,null,Wed Dec 30 2015 15:20:59 GMT-0600 (Central Standard Time),,Ardui,,Willem,Wed Dec 30 2015 15:20:59 GMT-0600 (Central Standard Time)
yMk6pLhw4c,,null,Fri Dec 04 2015 00:12:50 GMT-0600 (Central Standard Time),,Colon,,Giselle,Fri Dec 04 2015 00:12:50 GMT-0600 (Central Standard Time)
yYzBIhVGhv,,null,Wed Jul 21 2021 18:05:23 GMT-0500 (Central Daylight Time),,Tao,,Caroline,Wed Jul 21 2021 18:05:23 GMT-0500 (Central Daylight Time)
yyQprLyRJt,,null,Wed Dec 09 2015 17:52:31 GMT-0600 (Central Standard Time),,Watson,,Jake,Wed Dec 09 2015 17:52:31 GMT-0600 (Central Standard Time)
z1KLKNrWGg,,null,Fri Dec 04 2015 03:08:42 GMT-0600 (Central Standard Time),,De Boeck,,Rik,Fri Dec 04 2015 03:08:42 GMT-0600 (Central Standard Time)
zCSbsWs8yE,,null,Sat May 09 2020 12:55:27 GMT-0500 (Central Daylight Time),,Cole,,Elizabeth,Sat May 09 2020 12:55:27 GMT-0500 (Central Daylight Time)
zKdgyaNXR3,,null,Wed Dec 09 2015 17:52:31 GMT-0600 (Central Standard Time),,Ashkar,,Basem,Wed Dec 09 2015 17:52:31 GMT-0600 (Central Standard Time)
zTpIidJssQ,,null,Fri Dec 04 2015 00:26:06 GMT-0600 (Central Standard Time),,Noble,,Chris,Fri Dec 04 2015 00:26:06 GMT-0600 (Central Standard Time)
zYxvNRrqR5,,null,Wed May 20 2020 07:40:15 GMT-0500 (Central Daylight Time),,Garfinkel,,Landon,Wed May 20 2020 07:40:15 GMT-0500 (Central Daylight Time)
zZn43rvZlb,,null,Sat Jun 13 2015 00:55:05 GMT-0500 (Central Daylight Time),,Fogel,,Zach,Sat Jun 13 2015 00:55:05 GMT-0500 (Central Daylight Time)
zadjMjqSqY,,null,Sat Jan 09 2016 17:30:02 GMT-0600 (Central Standard Time),,Clow,,Michaela,Sat Jan 09 2016 17:30:02 GMT-0600 (Central Standard Time)
zemNlmgQeE,,null,Sun Jan 24 2016 18:59:25 GMT-0600 (Central Standard Time),,Hanson,,Dan,Sun Jan 24 2016 18:59:25 GMT-0600 (Central Standard Time)
zfvrxiXsG5,,null,Fri Dec 04 2015 00:11:30 GMT-0600 (Central Standard Time),,Widstrom,,Jacob,Fri Dec 04 2015 00:11:30 GMT-0600 (Central Standard Time)
zgNRCPAx4I,,null,Sun Jan 24 2016 19:03:34 GMT-0600 (Central Standard Time),,Tita,,Andrew,Sun Jan 24 2016 19:03:34 GMT-0600 (Central Standard Time)
ziMaYPgMtA,,null,Thu Aug 06 2020 08:09:59 GMT-0500 (Central Daylight Time),,Felton,,Xena,Thu Aug 06 2020 08:09:59 GMT-0500 (Central Daylight Time)
zkjkmpHQru,,null,Mon Jan 25 2016 21:09:20 GMT-0600 (Central Standard Time),,Romano,,Nick,Mon Jan 25 2016 21:09:20 GMT-0600 (Central Standard Time)
zuCb8Ql2zg,,null,Mon Jan 25 2016 21:15:50 GMT-0600 (Central Standard Time),,Smith,,Kelsie,Mon Jan 25 2016 21:15:50 GMT-0600 (Central Standard Time)
